Имя,Год,Страна,Сахар,Цена,Рейтинг,Количество отзывов
Вино Chateau Ducru-Beaucaillou,1985.0,Франция,Сухое,56990.0,5.0,
Вино Chateau Ducru-Beaucaillou,1986.0,Франция,Сухое,59990.0,5.0,
Вино Chateau Pichon Longueville Comtesse de Lalande,1995.0,Франция,Сухое,71490.0,0.0,
"Вино Petrus, Chateau Petrus",1997.0,Франция,Сухое,786590.0,4.8,1.0
Вино Chateau Latour,2000.0,Франция,Сухое,284990.0,5.0,1.0
Вино Chateau Leoville Las Cases,2001.0,Франция,Сухое,67990.0,0.0,
Вино Chateau Calon Segur,2001.0,Франция,Сухое,39490.0,5.0,1.0
Вино Chateau Lafleur,2001.0,Франция,Сухое,128490.0,0.0,
Вино Chateau Haut-Brion,2001.0,Франция,Сухое,147490.0,5.0,1.0
Вино Chateau Margaux,2001.0,Франция,Сухое,154990.0,5.0,
Вино Chateau Ducru-Beaucaillou,2001.0,Франция,Сухое,44490.0,5.0,
Вино Chateau Leoville Las Cases,2001.0,Франция,Сухое,67990.0,0.0,
Вино Chateau Lafleur,2002.0,Франция,Сухое,80030.0,0.0,
Вино Chateau Latour,2003.0,Франция,Сухое,284990.0,5.0,1.0
Вино Chateau Cheval Blanc,2003.0,Франция,Сухое,169990.0,0.0,
Вино Chateau Grand-Puy-Lacoste,2003.0,Франция,Сухое,20490.0,5.0,1.0
Вино Chateau Pichon Longueville Comtesse de Lalande,2003.0,Франция,Сухое,54490.0,0.0,
Вино Domaine de Viaud,2003.0,Франция,Сухое,7790.0,5.0,
"Вино Chateau d'Angludet, Chateau Angludet",2003.0,Франция,Сухое,12990.0,5.0,
Вино Chateau d'Armailhac,2004.0,Франция,Сухое,17490.0,5.0,
Вино Chateau Lafleur,2004.0,Франция,Сухое,118990.0,0.0,
Вино Chateau Pichon Longueville Comtesse de Lalande,2004.0,Франция,Сухое,52490.0,0.0,
Вино Chateau Leoville Las Cases,2004.0,Франция,Сухое,52490.0,0.0,
Вино Chateau Cos d'Estournel,2004.0,Франция,Сухое,32990.0,5.0,1.0
Вино Chateau Margaux,2005.0,Франция,Сухое,269990.0,5.0,
Вино Chateau Trotanoy,2005.0,Франция,Сухое,63490.0,0.0,
"Вино Clos du Marquis, Chateau Leoville Las Cases",2005.0,Франция,Сухое,18990.0,0.0,
Вино Chateau Pichon Baron,2005.0,Франция,Сухое,66490.0,0.0,
Вино Chateau Pape Clement Rouge,2006.0,Франция,Сухое,32490.0,5.0,
Вино Chateau Margaux,2006.0,Франция,Сухое,165590.0,5.0,
Вино Chateau Leoville Las Cases,2006.0,Франция,Сухое,66490.0,0.0,
Вино Chateau Barde-Haut,2006.0,Франция,Сухое,6290.0,5.0,
Вино Chateau L'Eglise-Clinet,2006.0,Франция,Сухое,40490.0,0.0,
Вино Chateau Certan de May de Certan,2006.0,Франция,Сухое,20990.0,5.0,
"Вино Chateau d'Angludet, Chateau Angludet",2006.0,Франция,Сухое,12990.0,5.0,
Вино Chateau Lafite Rothschild,2007.0,Франция,Сухое,242490.0,5.0,
Вино Chateau la Conseillante,2007.0,Франция,Сухое,33490.0,0.0,
Вино Chateau L'Eglise-Clinet,2007.0,Франция,Сухое,29990.0,0.0,
Вино Ornellaia,2007.0,Италия,Сухое,124990.0,5.0,
"Вино Barolo Runcot Riserva, Elio Grasso",2007.0,Италия,Сухое,51990.0,0.0,
"Вино Chateau La Grave, Jean-Pierre Moueix",2007.0,Франция,Сухое,9490.0,0.0,
"Вино Chianti Classico Gran Selezione Vigneto Bellavista, Castello di Ama",2007.0,Италия,Сухое,64990.0,4.0,
Вино Chateau Pichon Longueville Comtesse de Lalande,2007.0,Франция,Сухое,44490.0,0.0,
Вино Chateau Troplong Mondot,2007.0,Франция,Сухое,22490.0,0.0,
Вино Chateau Leoville Las Cases,2007.0,Франция,Сухое,46490.0,0.0,
"Вино Chianti Classico Gran Selezione Vigneto La Casuccia, Castello di Ama",2007.0,Италия,Сухое,64990.0,0.0,
Вино Chateau d'Yquem,2008.0,Франция,Сладкое,61990.0,5.0,
"Вино Pinot Bianco Rarity, Cantina Terlan",2008.0,Италия,Сухое,37490.0,5.0,
"Вино Chateau Leoville Poyferre, Chateau Leoville-Poyferre",2008.0,Франция,Сухое,23990.0,0.0,
"Вино Pinot Bianco Rarity, Cantina Terlan",2008.0,Италия,Сухое,37490.0,5.0,
"Вино Alzero, Giuseppe Quintarelli",2008.0,Италия,Полусухое,79990.0,0.0,
Вино Chateau Cos d'Estournel Rouge,2008.0,Франция,Сухое,41490.0,5.0,1.0
Вино Chateau Ducru-Beaucaillou,2008.0,Франция,Сухое,47490.0,5.0,
Вино Chateau L'Evangile,2008.0,Франция,Сухое,47490.0,5.0,
Вино Chateau Leoville Las Cases,2008.0,Франция,Сухое,59990.0,0.0,
"Вино L`Apparita, Castello di Ama",2008.0,Италия,Сухое,64990.0,5.0,1.0
Вино Chateau Rauzan-Segla,2009.0,Франция,Сухое,45490.0,5.0,
Вино Chateau Saint-Saturnin,2009.0,Франция,Сухое,4490.0,5.0,1.0
"Вино Pinot Bianco Rarity, Cantina Terlan",2009.0,Италия,Сухое,27490.0,5.0,
"Вино Les Picasses, Domaine Olga Raffault",2009.0,Франция,Сухое,10990.0,4.8,4.0
"Вино Set Chateau Montrose: 1995, 1998, 2000, 2005, 2006",2009.0,Франция,Вино,379990.0,0.0,
"Вино Set Chateau Calon-Segur: 1998, 2000, 2003, 2005, 2006",2009.0,Франция,Вино,254990.0,0.0,
Вино Chateau Smith Haut-Lafitte Rouge,2009.0,Франция,Сухое,71490.0,5.0,
Вино Chateau Pichon Baron,2009.0,Франция,Сухое,61490.0,0.0,
Вино Chateau la Conseillante,2009.0,Франция,Сухое,61990.0,0.0,
Вино Chateau Pichon Longueville Comtesse de Lalande,2009.0,Франция,Сухое,58490.0,0.0,
"Вино Les Picasses, Domaine Olga Raffault",2009.0,Франция,Сухое,10990.0,4.8,4.0
Вино Chateau Figeac,2009.0,Франция,Сухое,66490.0,4.5,
Вино Chateau Rauzan-Segla,2009.0,Франция,Сухое,45490.0,5.0,
"Вино L`Apparita, Castello di Ama",2009.0,Италия,Сухое,64990.0,5.0,1.0
Вино Chateau Trotanoy,2010.0,Франция,Сухое,66490.0,0.0,
Вино Chateau la Gaffeliere,2010.0,Франция,Сухое,35490.0,5.0,
Вино Clos Fourtet,2010.0,Франция,Сухое,44990.0,0.0,
"Вино L`Apparita, Castello di Ama",2010.0,Италия,Сухое,64990.0,5.0,1.0
"Вино Chateau d'Angludet, Chateau Angludet",2010.0,Франция,Сухое,12990.0,5.0,
Вино Finca Nueva Gran Reserva,2010.0,Испания,Сухое,5390.0,4.7,6.0
Вино Hilandar St. Sava`s Field,2010.0,Греция,Полусухое,5490.0,5.0,
Вино Chateau Lafleur,2010.0,Франция,Сухое,242490.0,0.0,
Вино Ornellaia,2010.0,Италия,Сухое,124990.0,5.0,
Вино Chateau Rauzan-Segla,2011.0,Франция,Сухое,20490.0,5.0,
Вино Chateau Calon Segur,2011.0,Франция,Сухое,31490.0,5.0,1.0
"Вино L’Hermitage Rouge, Jean-Louis Chave",2011.0,Франция,Сухое,124990.0,0.0,
Вино Chateau Rauzan-Segla,2011.0,Франция,Сухое,20490.0,5.0,
Вино Chateau Pichon Longueville Comtesse de Lalande,2011.0,Франция,Сухое,39490.0,0.0,
Вино Chateau Pichon Longueville Comtesse de Lalande,2011.0,Франция,Сухое,39490.0,0.0,
"Вино Chateau Leoville Poyferre, Chateau Leoville-Poyferre",2011.0,Франция,Сухое,18490.0,0.0,
"Вино Chambertin Grand Cru, Domaine Trapet Pere et Fils",2011.0,Франция,Сухое,124990.0,0.0,
Вино Chateau La Fleur-Petrus,2011.0,Франция,Сухое,49990.0,5.0,
Вино Chateau Branaire-Ducru,2011.0,Франция,Сухое,13290.0,5.0,
"Вино La Dame de Montrose, Chateau Montrose",2011.0,Франция,Сухое,8290.0,5.0,
"Вино Chambertin Grand Cru, Domaine Trapet Pere et Fils",2011.0,Франция,Сухое,124990.0,0.0,
Вино Chateau Gloria,2011.0,Франция,Сухое,8190.0,4.5,
"Вино Savigny-les-Beaune Premier Cru Hospices de Beaune  Cuvee Arthur Girard, Domaine Agnes Paquet",2011.0,Франция,Сухое,29990.0,0.0,
Вино Chateau Montrose,2011.0,Франция,Сухое,23490.0,0.0,
Вино Chateau La Fleur-Petrus,2011.0,Франция,Сухое,49990.0,5.0,
Вино Chateau Figeac Premier Grand Cru Classe (Saint-Emilion),2011.0,Франция,Сухое,37990.0,4.5,
"Вино Alzero, Giuseppe Quintarelli",2011.0,Италия,Полусухое,79990.0,0.0,
Вино Chateau Belair Monange,2011.0,Франция,Сухое,23490.0,0.0,
"Вино Monleale, Vigneti Massa",2011.0,Италия,Сухое,5690.0,5.0,1.0
Вино Chateau Palmer,2011.0,Франция,Сухое,72990.0,5.0,
Вино Chateau Suduiraut,2011.0,Франция,Сладкое,10990.0,5.0,
Вино Chateau Grand-Puy-Lacoste,2011.0,Франция,Сухое,12490.0,5.0,1.0
"Вино L’Hermitage Rouge, Jean-Louis Chave",2011.0,Франция,Сухое,124990.0,0.0,
Вино Chateau d'Issan,2011.0,Франция,Сухое,13790.0,0.0,
Вино Chateau Calon Segur,2011.0,Франция,Сухое,31490.0,5.0,1.0
"Вино Pingus, Dominio de Pingus",2011.0,Испания,Сухое,189990.0,5.0,
"Вино L'Ermita Velles Vinyes, Alvaro Palacios",2011.0,Испания,Сухое,184990.0,5.0,1.0
"Вино Pertichetta, Vigneti Massa",2012.0,Италия,Сухое,5690.0,5.0,3.0
"Вино Les Allees de Cantemerle, Chateau Cantemerle",2012.0,Франция,Сухое,3490.0,3.7,3.0
Вино Chateau Talbot,2012.0,Франция,Сухое,17990.0,5.0,1.0
Вино Chateau Calon Segur,2012.0,Франция,Сухое,33490.0,5.0,1.0
"Вино Barolo Riserva Monprivato Ca d'Morissio, Giuseppe Mascarello",2012.0,Италия,Сухое,139990.0,0.0,
Вино Chateau Montrose,2012.0,Франция,Сухое,22990.0,0.0,
Вино Chateau Rauzan-Segla,2012.0,Франция,Сухое,21490.0,5.0,
Вино Chateau d'Armailhac,2012.0,Франция,Сухое,14290.0,5.0,
Вино Chateau Rauzan-Segla,2012.0,Франция,Сухое,21490.0,5.0,
"Вино Galatrona, Petrolo",2012.0,Италия,Сухое,27990.0,5.0,3.0
Вино Chateau Cos d'Estournel Rouge,2012.0,Франция,Сухое,37990.0,5.0,1.0
"Вино Savigny-les-Beaune aux Grands Liards, Simon Bize & Fils",2012.0,Франция,Сухое,10490.0,0.0,
"Вино Ribolla, Gravner",2012.0,Италия,Сухое,18610.0,5.0,1.0
"Вино La Dame de Montrose, Chateau Montrose",2012.0,Франция,Сухое,7990.0,0.0,
Вино Chateau Cantemerle,2012.0,Франция,Сухое,6190.0,4.3,3.0
Вино Chateau du Tertre,2012.0,Франция,Сухое,10990.0,5.0,
Вино Chateau Ducru-Beaucaillou ,2012.0,Франция,Сухое,39490.0,5.0,
"Вино Savigny-les-Beaune Premier Cru Hospices de Beaune  Cuvee Forneret, Domaine Agnes Paquet",2012.0,Франция,Сухое,29990.0,0.0,
Вино Chateau Beychevelle,2012.0,Франция,Сухое,25990.0,0.0,
Вино Chateau Leoville Las Cases,2012.0,Франция,Сухое,54490.0,0.0,
"Вино La Dame de Montrose, Chateau Montrose",2012.0,Франция,Сухое,7990.0,0.0,
Вино Chateau Montrose,2012.0,Франция,Сухое,22990.0,0.0,
Вино Chateau Pichon Baron,2012.0,Франция,Сухое,37990.0,0.0,
Вино Chateau du Tertre,2012.0,Франция,Сухое,10990.0,5.0,
Вино Chateau Troplong Mondot,2012.0,Франция,Сухое,23490.0,0.0,
Вино Chateau La Fleur-Petrus,2012.0,Франция,Сухое,52490.0,5.0,
Вино Chateau Canon,2013.0,Франция,Сухое,18990.0,0.0,
Вино Chateau Giscours,2013.0,Франция,Сухое,11490.0,4.7,4.0
Вино Chateau Lynch-Bages,2013.0,Франция,Сухое,26490.0,0.0,
"Вино Chianti Classico Gran Selezione Vigneto La Casuccia, Castello di Ama",2013.0,Италия,Сухое,64990.0,0.0,
"Вино Chianti Classico Gran Selezione Vigneto Bellavista, Castello di Ama",2013.0,Италия,Сухое,64990.0,4.0,
"Вино L`Apparita, Castello di Ama",2013.0,Италия,Сухое,64990.0,5.0,1.0
"Вино Mille e Una Notte, Donnafugata",2013.0,Италия,Сухое,12019.0,0.0,
"Вино Don Maximiano Founder's Reserve, Errazuriz",2013.0,Чили,Сухое,16490.0,0.0,
"Вино Savigny-les-Beaune 1er Cru aux Vergelesses  Blanc, Simon Bize & Fils",2013.0,Франция,Сухое,14990.0,0.0,
"Вино Clos Vougeot Grand Cru, Bouchard Pere & Fils",2013.0,Франция,Сухое,64990.0,0.0,
"Вино Clos de la Coulee de Serrant, Nicolas Joly",2013.0,Франция,Сухое,27990.0,0.0,
"Вино Amarone della Valpolicella, Dal Forno Romano",2013.0,Италия,Сухое,64990.0,0.0,
"Вино Ribolla, Gravner",2013.0,Италия,Сухое,15990.0,5.0,1.0
Вино Chateau Latour,2013.0,Франция,Сухое,129990.0,5.0,1.0
Вино Le Serre Nuove dell'Ornellaia,2013.0,Италия,Сухое,19990.0,0.0,
"Вино Serpico, Feudi di San Gregorio",2014.0,Италия,Сухое,11190.0,5.0,1.0
Вино Chateau Quintus,2014.0,Франция,Сухое,21490.0,0.0,
Вино Chateau Belair Monange,2014.0,Франция,Сухое,28490.0,0.0,
"Вино Ribolla, Gravner",2014.0,Италия,Сухое,17490.0,5.0,1.0
Вино Finca Nueva Reserva,2014.0,Испания,Сухое,3690.0,4.7,4.0
"Вино L`Apparita, Castello di Ama",2014.0,Италия,Сухое,54990.0,5.0,1.0
"Вино L’Hermitage Rouge, Jean-Louis Chave",2014.0,Франция,Сухое,114990.0,0.0,
Вино Chateau d'Armailhac,2014.0,Франция,Сухое,14690.0,5.0,
Вино Chateau-Grillet,2014.0,Франция,Сухое,86930.0,5.0,
Вино Chateau L'Evangile,2014.0,Франция,Сухое,44990.0,5.0,
Вино Chateau Pedesclaux,2014.0,Франция,Сухое,9190.0,5.0,
Вино Chateau Lynch-Bages,2014.0,Франция,Сухое,28490.0,0.0,
"Вино Serpico, Feudi di San Gregorio",2014.0,Италия,Сухое,11190.0,5.0,1.0
Вино Chateau Lalande-Borie,2014.0,Франция,Сухое,6490.0,5.0,1.0
Вино Chateau Carbonnieux Rouge,2014.0,Франция,Сухое,7590.0,5.0,5.0
"Вино Barolo Cerequio, Roberto Voerzio",2014.0,Италия,Сухое,69990.0,0.0,
Вино Le Serre Nuove dell'Ornellaia,2014.0,Италия,Сухое,19990.0,0.0,
"Вино L’Hermitage Rouge, Jean-Louis Chave",2014.0,Франция,Сухое,114990.0,0.0,
Вино Chateau Talbot,2014.0,Франция,Сухое,17490.0,5.0,1.0
"Вино La Clarte de Haut-Brion, Chateau Haut-Brion",2014.0,Франция,Сухое,18990.0,5.0,
Вино Chateau Pichon Baron,2014.0,Франция,Сухое,37990.0,0.0,
Вино Chateau Angludet,2014.0,Франция,Сухое,9990.0,5.0,
"Вино Flor de Pingus, Dominio de Pingus",2014.0,Испания,Сухое,37490.0,5.0,
"Вино Moulin-a-Vent Chassignol, Domaine Jules Desjourneys",2014.0,Франция,Сухое,15990.0,0.0,
Вино Tenuta di Valgiano,2014.0,Италия,Сухое,14990.0,0.0,
"Вино Les Fiefs de Lagrange, Chateau Lagrange",2014.0,Франция,Сухое,5990.0,0.0,
"Вино Chambolle-Musigny, Leroy",2014.0,Франция,Сухое,324990.0,0.0,
"Вино Cahors Les Galets, Clos Triguedina",2014.0,Франция,Сухое,9490.0,5.0,
Вино Chateau Clinet (Pomerol),2014.0,Франция,Сухое,18990.0,5.0,1.0
Вино Chateau Lalande-Borie,2014.0,Франция,Сухое,6490.0,5.0,1.0
"Вино Chenas Le Jugement Dernier, Domaine Jules Desjourneys",2014.0,Франция,Сухое,9290.0,0.0,
"Вино Moulin-a-Vent, Domaine Jules Desjourneys",2014.0,Франция,Сухое,11490.0,0.0,
"Вино Valpolicella Superiore, Dal Forno Romano",2014.0,Италия,Сухое,19990.0,5.0,
Вино Montevertine,2015.0,Италия,Сухое,19990.0,5.0,
"Вино KAI, Errazuriz",2015.0,Чили,Сухое,19990.0,5.0,
"Вино Brunello di Montalcino Riserva, Le Potazzine",2015.0,Италия,Сухое,47990.0,0.0,
Вино Chateau Angelus,2015.0,Франция,Сухое,96590.0,0.0,
"Вино Amarone della Valpolicella, Dal Forno Romano",2015.0,Италия,Сухое,72490.0,0.0,
Вино Chateau Branaire-Ducru,2015.0,Франция,Сухое,12990.0,5.0,
"Вино Valpolicella Superiore, Dal Forno Romano",2015.0,Италия,Сухое,21490.0,5.0,
"Вино Derthona Costa del Vento, Vigneti Massa",2015.0,Италия,Полусухое,13790.0,0.0,
"Вино Brunello di Montalcino Bassolino di Sopra, Pian dell'Orino",2015.0,Италия,Сухое,44990.0,0.0,
Вино Tenuta di Valgiano,2015.0,Италия,Сухое,17990.0,0.0,
"Вино Bourgogne Aligote, Domaine Leroy",2015.0,Франция,Сухое,24990.0,0.0,
Вино Chateau Belair Monange Premier Grand Cru Classe(Saint-Emilion Grand Cru),2015.0,Франция,Сухое,44990.0,0.0,
Вино Le Serre Nuove dell'Ornellaia,2015.0,Италия,Сухое,19990.0,0.0,
Вино Domaine de l'A,2015.0,Франция,Сухое,6190.0,5.0,2.0
"Вино Вино Савиньи-ле-Бон Премье Крю о Вержелес 2015,0.75 л, 13.5%, Франция, Бургундия, САРЛ Симон Бизэ Фи, Simon Bize & Fils",2015.0,Франция,Сухое,14990.0,0.0,
Вино Chateau Quintus,2015.0,Франция,Сухое,30490.0,0.0,
"Вино Valpolicella Classico Superiore, Giuseppe Quintarelli",2015.0,Италия,Сухое,21490.0,5.0,
"Вино L’Hermitage Blanc  , Jean-Louis Chave",2015.0,Франция,Сухое,124990.0,0.0,
"Вино Chianti Classico Gran Selezione Vigneto Bellavista, Castello di Ama",2015.0,Италия,Сухое,59990.0,4.0,
"Вино Corton-Charlemagne Grand Cru, Domaine Bonneau du Martray",2015.0,Франция,Сухое,74990.0,0.0,
"Вино Boggina C, Petrolo",2015.0,Италия,Сухое,11190.0,0.0,
Вино Chateau Clinet (Pomerol),2015.0,Франция,Сухое,34990.0,5.0,1.0
Вино Chateau Beaumont,2015.0,Франция,Сухое,3990.0,4.6,7.0
Вино Chateau Troplong Mondot,2015.0,Франция,Сухое,30990.0,0.0,
"Вино Solare, Capannelle",2015.0,Италия,Сухое,7490.0,4.6,4.0
Вино Clos Fourtet,2015.0,Франция,Сухое,36490.0,0.0,
Вино Chateau Rocheyron,2015.0,Франция,Сухое,18490.0,4.0,
"Вино Focus Zuc di Volpe, Volpe Pasini",2015.0,Италия,Сухое,7490.0,4.0,1.0
"Вино Каберне Совиньон Семейный Pезерв, Сикоры",2015.0,Россия,Сухое,3490.0,4.7,1.0
"Вино Chateau Chantalouette, Chateau de Sales",2015.0,Франция,Сухое,7490.0,3.5,1.0
Вино Chateau La Lagune,2015.0,Франция,Сухое,12890.0,5.0,1.0
Вино Chateau Olivier Blanc,2015.0,Франция,Сухое,6690.0,5.0,
"Вино La Sirene de Giscours, Chateau Giscours",2015.0,Франция,Сухое,7190.0,0.0,
Вино Chateau la Gaffeliere,2015.0,Франция,Сухое,21990.0,5.0,
"Вино Cumieres Rouge Meunier, Geoffroy",2015.0,Франция,Сухое,11490.0,0.0,
"Вино Vitovska (Venezia Giulia), Vodopivec",2015.0,Италия,Сухое,11030.0,3.0,1.0
"Вино Amarone della Valpolicella Classico Riserva Mater, Domini Veneti",2015.0,Италия,Полусухое,39990.0,0.0,
"Вино L’Hermitage Blanc  , Jean-Louis Chave",2015.0,Франция,Сухое,124990.0,0.0,
"Вино Gewurztraminer Seigneurs de Ribeaupierre, Trimbach",2015.0,Франция,Полусладкое,8490.0,5.0,
"Вино Touraine la Guerrerie, Le Clos du Tue-Boeuf",2015.0,Франция,Сухое,6490.0,4.7,1.0
"Вино Riesling Frederic Emile, Trimbach",2016.0,Франция,Полусухое,13990.0,0.0,1.0
"Вино L'Echelier (Saumur), Thierry Germain",2016.0,Франция,Сухое,11990.0,0.0,
Вино Tenuta di Valgiano,2016.0,Италия,Сухое,17990.0,0.0,
"Вино Patrimo, Feudi di San Gregorio",2016.0,Италия,Сухое,16990.0,0.0,
"Вино Solo, Vodopivec",2016.0,Италия,Сухое,11990.0,0.0,
Вино Clos Floridene,2016.0,Франция,Сухое,4590.0,5.0,
Вино Pavillon Rouge du Chateau Margaux ,2016.0,Франция,Сухое,59990.0,5.0,
"Вино Chardonnay Alpine Vineyard, Rhys Vineyards",2016.0,Соединенные Штаты Америки,Сухое,24990.0,0.0,
"Вино Boca, Le Piane",2016.0,Италия,Сухое,12990.0,0.0,
"Вино Vitovska, Vodopivec",2016.0,Италия,Сухое,11510.0,3.0,1.0
Вино Chateau Beaumont,2016.0,Франция,Сухое,3790.0,4.6,7.0
"Вино Clos de L'Echelier, Thierry Germain",2016.0,Франция,Сухое,9490.0,0.0,
Вино Marques de Riscal Gran Reserva,2016.0,Испания,Сухое,8490.0,5.0,3.0
"Вино Chateauneuf-du-Pape Chateau de Nalys Rouge, Guigal",2016.0,Франция,Сухое,11694.0,0.0,
Вино Domaine de l'A,2016.0,Франция,Сухое,6690.0,5.0,2.0
"Вино Vino Nobile di Montepulciano Riserva, Fattoria del Cerro",2016.0,Италия,Сухое,2793.0,4.8,12.0
"Вино Arinzano Gran Vino Blanco, Propiedad de Arinzano",2016.0,Испания,Сухое,17510.0,0.0,
Вино Chateau de Fieuzal Blanc,2016.0,Франция,Сухое,12290.0,5.0,
"Вино Riesling 390eme Anniversaire, Trimbach",2016.0,Франция,Сухое,6990.0,5.0,1.0
Вино Chateau Lynch-Bages,2016.0,Франция,Сухое,37990.0,0.0,
Вино Penfolds Grange,2016.0,Австралия,Сухое,174990.0,0.0,
Вино Penfolds St Henri Shiraz,2016.0,Австралия,Сухое,27490.0,0.0,
Вино Bertinga,2016.0,Италия,Сухое,11190.0,5.0,1.0
"Вино Pinot Noir Laurene, Domaine Drouhin Oregon",2016.0,Соединенные Штаты Америки,Сухое,19990.0,5.0,
"Вино Savigny-les-Beaune 1er Cru aux Vergelesses  , Simon Bize & Fils",2016.0,Франция,Сухое,15490.0,0.0,
"Вино Patrimo, Feudi di San Gregorio",2016.0,Италия,Сухое,16990.0,0.0,
Вино Le Serre Nuove dell'Ornellaia,2016.0,Италия,Сухое,24130.0,5.0,2.0
"Вино Corton Grand Cru Le Corton, Bouchard Pere & Fils",2016.0,Франция,Сухое,34990.0,0.0,
"Вино Sena, Vina Sena",2016.0,Чили,Сухое,34990.0,5.0,
"Вино Tenuta Tascante Contrada Sciaranuova V.V., Tasca d'Almerita",2016.0,Италия,Сухое,12994.0,5.0,1.0
Вино Ornellaia,2016.0,Италия,Сухое,89990.0,5.0,
"Вино Chateauneuf-du-Pape Chateau de Nalys Rouge, Guigal",2016.0,Франция,Сухое,11694.0,0.0,
"Вино Punta di Adine, Bertinga",2016.0,Италия,Сухое,14990.0,0.0,
"Вино Clos de Vougeot Grand Cru AOC, Domaine Hubert Lignier",2017.0,Франция,Сухое,54990.0,0.0,
"Вино Maranges Vieilles Vignes, Domaine Thierry et Pascale Matrot",2017.0,Франция,Сухое,6790.0,0.0,
"Вино Clos de L'Echelier Rouge, Thierry Germain",2017.0,Франция,Сухое,9490.0,0.0,
"Вино Clos de L'Echelier Blanc, Thierry Germain",2017.0,Франция,Сухое,11990.0,0.0,
"Вино Batard-Montrachet Grand Cru, Olivier Leflaive Freres",2017.0,Франция,Сухое,174990.0,0.0,
"Вино Chardonnay Alesia, Rhys Vineyards",2017.0,Соединенные Штаты Америки,Сухое,9990.0,4.0,1.0
"Вино La Marginale, Thierry Germain",2017.0,Франция,Сухое,8490.0,5.0,1.0
Вино Ornellaia,2017.0,Италия,Сухое,79990.0,5.0,
"Вино Outre Terre (Saumur Champigny), Thierry Germain",2017.0,Франция,Сухое,11990.0,5.0,
"Вино Yamhill Cuvee Pinot Noir, Domaine Serene",2017.0,Соединенные Штаты Америки,Сухое,14990.0,4.0,1.0
Вино Chateau-Grillet,2017.0,Франция,Сухое,89990.0,5.0,
"Вино Cantos del Diablo, Daniel Landi",2017.0,Испания,Сухое,18340.0,0.0,
"Вино Pinot Noir Alpine Vineyard, Rhys Vineyards",2017.0,Соединенные Штаты Америки,Сухое,28490.0,0.0,
"Вино Sassicaia, Tenuta San Guido",2017.0,Италия,Сухое,79990.0,5.0,6.0
"Вино Sassi Chiusi, Bertinga",2017.0,Италия,Сухое,4290.0,4.4,27.0
Вино Hacienda Lopez de Haro Reserva,2017.0,Испания,Сухое,1424.0,4.7,12.0
"Вино Finca Torrea, Marques de Riscal",2017.0,Испания,Сухое,6490.0,0.0,
"Вино Tenuta Regaleali Rosso del Conte, Tasca d'Almerita",2017.0,Италия,Сухое,5943.0,0.0,
"Вино Le Pied de la Butte, Domaine de la Butte",2017.0,Франция,Сухое,5920.0,0.0,
"Вино Colombard, Rigal",2017.0,Франция,Полусухое,1490.0,4.5,4.0
"Вино Boca, Le Piane",2017.0,Италия,Сухое,13990.0,0.0,
"Вино Bourgogne Chardonnay, Domaine Thierry et Pascale Matrot",2017.0,Франция,Сухое,5490.0,5.0,
"Вино Valbuena 5, Bodegas Vega Sicilia",2017.0,Испания,Сухое,31490.0,5.0,2.0
"Вино Baron de Chirel Reserva, Marques de Riscal",2017.0,Испания,Сухое,19990.0,4.5,2.0
"Вино Volnay, Domaine Jean-Marc & Thomas Bouley",2017.0,Франция,Сухое,13990.0,5.0,1.0
"Вино Savigny-les-Beaune Premier Cru La Dominode, Domaine Bruno Clair",2017.0,Франция,Сухое,16990.0,5.0,2.0
"Вино Napanook, Dominus Estate",2017.0,Соединенные Штаты Америки,Сухое,21490.0,4.0,
"Вино Dominus, Dominus Estate",2017.0,Соединенные Штаты Америки,Сухое,74990.0,0.0,
Вино Triennes Les Aureliens Rouge,2017.0,Франция,Сухое,2990.0,5.0,1.0
"Вино Pinot Gris Reserve Personnelle, Trimbach",2017.0,Франция,Полусухое,7290.0,5.0,
"Вино Franc de Pied, Thierry Germain",2017.0,Франция,Сухое,8990.0,0.0,
"Вино Gran Feudo Reserva, Bodegas Chivite",2017.0,Испания,Сухое,1690.0,4.6,15.0
"Вино Torrione, Petrolo",2017.0,Италия,Сухое,4990.0,4.3,1.0
"Вино Vino Nobile di Montepulciano Vigneto Antica Chiusina, Fattoria del Cerro",2017.0,Италия,Сухое,6490.0,4.5,1.0
"Вино Cote-Rotie Chateau d'Ampuis, Guigal",2017.0,Франция,Сухое,26490.0,0.0,1.0
"Вино Clos de Vougeot Grand Cru, Domaine Jean Grivot",2017.0,Франция,Сухое,64990.0,0.0,
"Вино Nuits-Saint-Georges Premier Cru Aux Boudots, Domaine Jean Grivot",2017.0,Франция,Сухое,51050.0,0.0,
"Вино Nuits-Saint-Georges Premier Cru Les Pruliers, Domaine Jean Grivot",2017.0,Франция,Сухое,43040.0,0.0,
"Вино Mimmo, Le Piane",2017.0,Италия,Сухое,4990.0,4.8,
"Вино Gran Feudo Crianza, Bodegas Chivite",2017.0,Испания,Сухое,1440.0,4.3,19.0
"Вино L'Ermita Velles Vinyes, Alvaro Palacios",2017.0,Испания,Сухое,199990.0,5.0,1.0
"Вино Brunello di Montalcino, Le Potazzine",2017.0,Италия,Сухое,18990.0,0.0,
Вино Amarone della Valpolicella Classico Riserva Sergio Zenato,2017.0,Италия,Сухое,17990.0,5.0,4.0
"Вино Coleccion 125 Reserva, Bodegas Chivite",2017.0,Испания,Сухое,5990.0,4.5,4.0
"Вино Riesling Kastelberg Grand Cru Le Chateau, Domaine Marc Kreydenweiss",2017.0,Франция,Сухое,13990.0,5.0,
Вино Ca'Del Bosco Chardonnay,2017.0,Италия,Сухое,17490.0,5.0,
"Вино Monthelie, Domaine Thierry et Pascale Matrot",2017.0,Франция,Сухое,8990.0,0.0,
"Вино Cote-Rotie La Mouline, Guigal",2017.0,Франция,Сухое,84990.0,0.0,
"Вино Meursault-Blagny Premier Cru La Piece Sous le Bois, Domaine Comtesse de Cherisey",2017.0,Франция,Сухое,23990.0,0.0,
"Вино Barolo Bussia Romirasco, Aldo Conterno",2017.0,Италия,Сухое,44990.0,0.0,
"Вино Barolo Bussia, Aldo Conterno",2017.0,Италия,Сухое,19990.0,0.0,
"Вино Pinot Noir Laurene, Domaine Drouhin Oregon",2017.0,Соединенные Штаты Америки,Сухое,17490.0,5.0,
"Вино Gevrey-Chambertin, Domaine Pierre Damoy",2017.0,Франция,Сухое,22490.0,0.0,
"Вино Pinot Gris Reserve, Trimbach",2017.0,Франция,Полусухое,3143.0,5.0,
"Вино Gevrey-Chambertin Clos Du Meix Des Ouches, Domaine de Varoilles",2017.0,Франция,Сухое,13990.0,0.0,
"Вино Zanna, Dino Illuminati",2017.0,Италия,Сухое,4990.0,4.5,
"Вино Palistorti di Valgiano Rosso, Tenuta di Valgiano",2017.0,Италия,Сухое,5690.0,5.0,1.0
"Вино Brunello di Montalcino, Le Potazzine",2017.0,Италия,Сухое,18990.0,0.0,
"Вино Cote-Rotie La Turque, Guigal",2017.0,Франция,Сухое,84990.0,0.0,
"Вино Cote-Rotie La Landonne, Guigal",2017.0,Франция,Сухое,84990.0,0.0,
"Вино Gevrey-Chambertin 1er Cru Clos Saint-JacquesVieille Vigne, Domaine Fourrier",2017.0,Франция,Сухое,169990.0,0.0,
"Вино Barbera d'Alba Superiore Santo Stefano di Perno, Giuseppe Mascarello",2017.0,Италия,Сухое,9500.0,0.0,
"Вино Gevrey-Chambertin Clos Tamisot, Domaine Pierre Damoy",2017.0,Франция,Сухое,37990.0,0.0,
"Вино Bourgogne Rouge, Domaine Pierre Damoy",2017.0,Франция,Сухое,9990.0,0.0,
"Вино Don Maximiano Founder's Reserve, Errazuriz",2017.0,Чили,Сухое,15490.0,0.0,
"Вино Pommard, Domaine Jean-Marc & Thomas Bouley",2017.0,Франция,Сухое,13490.0,3.5,
"Вино Barbera d'Alba, Bruno Giacosa",2017.0,Италия,Сухое,7790.0,0.0,
"Вино Langhe Nebbiolo Il Favot, Aldo Conterno",2017.0,Италия,Сухое,10990.0,0.0,
"Вино La Gioia, Riecine",2017.0,Италия,Сухое,13990.0,5.0,1.0
"Вино Fixin Les Mogottes, Domaine Pierre Damoy",2017.0,Франция,Сухое,17990.0,0.0,
"Вино Puligny-Montrachet Premier Cru Hameau de Blagny, Domaine Comtesse de Cherisey",2017.0,Франция,Сухое,23990.0,0.0,
"Вино Barolo Ravera, Vietti",2017.0,Италия,Сухое,37490.0,0.0,
"Вино Barolo Rocche di Castiglione, Vietti",2017.0,Италия,Сухое,37490.0,0.0,
Вино Chateau Canon,2017.0,Франция,Сухое,22490.0,0.0,
"Вино Les Memoires (Saumur Champigny), Thierry Germain",2017.0,Франция,Сухое,9990.0,0.0,
"Вино Chianti Classico Gran Selezione Vigna del Sorbo, Fontodi",2017.0,Италия,Сухое,17930.0,0.0,
"Вино Cote-Rotie La Landonne, Guigal",2017.0,Франция,Сухое,84990.0,0.0,
"Вино Cote-Rotie La Mouline, Guigal",2017.0,Франция,Сухое,84990.0,0.0,
"Вино Cote-Rotie La Turque, Guigal",2017.0,Франция,Сухое,84990.0,0.0,
"Вино Syrah, Mullineux & Leeu",2017.0,Южная Африка,Сухое,6490.0,5.0,
Вино Agos ,2017.0,Армения,Сухое,3490.0,4.5,2.0
"Вино Bourgogne Blanc Les Ravry, Domaine Pierre Damoy",2017.0,Франция,Сухое,9990.0,0.0,
"Вино Chateauneuf-du-Pape Rouge, Guigal",2017.0,Франция,Сухое,6293.0,4.6,2.0
"Вино Chapelle-Chambertin Grand Cru, Domaine Pierre Damoy",2017.0,Франция,Сухое,119990.0,0.0,
"Вино Latricieres-Chambertin Grand Cru, Simon Bize & Fils",2017.0,Франция,Сухое,57490.0,0.0,
Вино Chateau Calon Segur,2017.0,Франция,Сухое,37990.0,5.0,1.0
"Вино Mimmo, Le Piane",2018.0,Италия,Сухое,4990.0,4.8,
Вино Набор Banfi Col di Sasso+Le Rime,2018.0,Италия,Вино,6060.0,0.0,
"Вино L`Apparita, Castello di Ama",2018.0,Италия,Сухое,54990.0,5.0,1.0
Вино Chateau Potensac,2018.0,Франция,Сухое,6490.0,4.8,1.0
"Вино Fixin, Domaine Pierre Gelin",2018.0,Франция,Сухое,8990.0,4.5,2.0
"Вино Barolo Castiglione, Vietti",2018.0,Италия,Сухое,14490.0,5.0,1.0
"Вино Chambertin Grand Cru, Domaine Trapet Pere et Fils",2018.0,Франция,Сухое,124990.0,0.0,
"Вино Gevrey-Chambertin Clos de Meixvelle, Domaine Pierre Gelin",2018.0,Франция,Сухое,12490.0,5.0,
"Вино Meursault Premier Cru Genevrieres, Bouchard Pere & Fils",2018.0,Франция,Сухое,27490.0,0.0,
"Вино Gevrey-Chambertin Ostrea, Domaine Trapet Pere et Fils",2018.0,Франция,Сухое,18990.0,0.0,
"Вино Barbaresco Il Bricco, Pio Cesare",2018.0,Италия,Сухое,22490.0,0.0,
"Вино Saperavi, Lukasi",2018.0,Грузия,Сухое,3990.0,4.9,5.0
"Вино Savigny-les-Beaune Premier Cru La Dominode, Domaine Bruno Clair",2018.0,Франция,Сухое,16990.0,5.0,2.0
"Вино Barolo Mosconi, Pio Cesare",2018.0,Италия,Сухое,26490.0,0.0,
"Вино Barolo Cerequio, Vietti",2018.0,Италия,Сухое,39990.0,0.0,
Вино Chateau d'Yquem,2018.0,Франция,Сладкое,69990.0,5.0,
"Вино Barolo Gavarini Vigna Chiniera, Elio Grasso",2018.0,Италия,Сухое,19490.0,0.0,
"Вино Barolo Ginestra Casa Mate, Elio Grasso",2018.0,Италия,Сухое,19490.0,5.0,
"Вино Barolo Rocche di Castiglione, Vietti",2018.0,Италия,Сухое,39990.0,0.0,
"Вино Barolo Ravera, Vietti",2018.0,Италия,Сухое,39990.0,0.0,
"Вино Barolo Lazzarito, Vietti",2018.0,Италия,Сухое,39990.0,5.0,1.0
"Вино LR, Colterenzio",2018.0,Италия,Сухое,22490.0,5.0,
"Вино Derthona Costa del Vento, Vigneti Massa",2018.0,Италия,Полусухое,11490.0,0.0,
"Вино Spatburgunder Kirschgarten GG, Knipser",2018.0,Германия,Сухое,11190.0,4.0,
Вино Besini Premium Red,2018.0,Грузия,Сухое,2990.0,4.2,2.0
"Вино Le Petit Cheval Blanc, Chateau Cheval Blanc",2018.0,Франция,Сухое,26990.0,5.0,
Вино Villa di Capezzana Carmignano,2018.0,Италия,Сухое,5990.0,4.0,
"Вино Chambertin Clos de Beze, Domaine Pierre Gelin",2018.0,Франция,Сухое,69990.0,0.0,
"Вино Chianti Classico Gran Selezione San Lorenzo, Castello di Ama",2018.0,Италия,Сухое,11190.0,5.0,3.0
"Вино Chianti Classico Gran Selezione San Lorenzo, Castello di Ama",2018.0,Италия,Сухое,11990.0,5.0,
"Вино Awatea, Te Mata",2018.0,Новая Зеландия,Сухое,5490.0,3.0,1.0
"Вино Aerope, Two Hands",2018.0,Австралия,Сухое,14990.0,5.0,1.0
"Вино Mille e Una Notte, Donnafugata",2018.0,Италия,Сухое,10493.0,5.0,
"Вино Gevrey-Chambertin Premier Cru Capita, Domaine Trapet Pere et Fils",2018.0,Франция,Сухое,36490.0,0.0,
"Вино Pomino Pinot Nero, Frescobaldi",2018.0,Италия,Сухое,5490.0,5.0,
"Вино Pinot Gris Les Elements, Domaine Bott-Geyl",2018.0,Франция,Полусухое,4190.0,5.0,
"Вино Laurenc, Pranzegg",2018.0,Италия,Сухое,7990.0,5.0,
"Вино Vosne-Romanee, Domaine Duroche",2018.0,Франция,Сухое,21490.0,0.0,
"Вино Riesling Marienburg Grosses Gewachs, Clemens Busch",2018.0,Германия,Полусухое,7990.0,5.0,1.0
"Вино Barolo Ornato, Pio Cesare",2018.0,Италия,Сухое,22490.0,3.5,
"Вино Santenay Vieilles Vignes, Domaine Amiot Guy et Fils",2018.0,Франция,Сухое,6990.0,0.0,
"Вино Steakwine Chardonnay, Penaflor",2018.0,Аргентина,Полусухое,1270.0,4.3,7.0
"Вино 50 & 50, Capannelle",2018.0,Италия,Сухое,24490.0,0.0,
Вино Chateau Marjosse Blanc ,2018.0,Франция,Сухое,3190.0,5.0,
"Вино L'Abeille de Fieuzal, Chateau de Fieuzal",2018.0,Франция,Сухое,4740.0,0.0,
"Вино Chambolle-Musigny, Bouchard Pere & Fils",2018.0,Франция,Сухое,16490.0,4.5,2.0
"Вино Don Maximiano Founder's Reserve, Errazuriz",2018.0,Чили,Сухое,15990.0,0.0,
"Вино Morey-Saint-Denis Premier Cru La Forge de Tart, Domaine Clos de Tart",2018.0,Франция,Сухое,57490.0,0.0,
"Вино Nuits-Saint-Georges Premier Cru Aux Boudots, Domaine Jean Grivot",2018.0,Франция,Сухое,37490.0,0.0,
"Вино Bourgogne Pinot Noir, Domaine Jean Grivot",2018.0,Франция,Сухое,8990.0,5.0,
"Вино Derthona, Vigneti Massa",2018.0,Италия,Сухое,6890.0,4.3,1.0
"Вино La Cumbre, Errazuriz",2018.0,Чили,Сухое,18610.0,0.0,
"Вино Spatburgunder Kalkmergel, Knipser",2018.0,Германия,Сухое,5990.0,4.0,
"Вино Riesling Marienburg Grosses Gewachs Rothenpfad, Clemens Busch",2018.0,Германия,Полусухое,8190.0,5.0,
"Вино Le Dos d'Chat Bebess, Fabrice Dodane & Domaine de Saint-Pierre",2018.0,Франция,Сухое,4790.0,4.0,
"Вино Terre Brune, Santadi",2018.0,Италия,Сухое,9990.0,0.0,
"Вино Summus, Banfi",2018.0,Италия,Сухое,7268.0,5.0,
"Вино Voskehat Reserve, Zulal",2018.0,Армения,Сухое,2490.0,0.0,
"Вино Clarendelle by Haut-Brion Medoc, Domaine Clarence Dillon",2018.0,Франция,Сухое,2618.0,4.7,23.0
"Вино Nuits-Saint-Georges Premier Cru Les Pruliers, Domaine Jean Grivot",2018.0,Франция,Сухое,31490.0,0.0,
"Вино Spatburgunder Blauer, Knipser",2018.0,Германия,Сухое,3740.0,4.0,5.0
"Вино Bourgogne Chardonnay, Domaine Thierry et Pascale Matrot",2018.0,Франция,Сухое,5490.0,5.0,
"Вино Maranges Vieilles Vignes, Domaine Thierry et Pascale Matrot",2018.0,Франция,Сухое,6790.0,0.0,
"Вино Campill, Pranzegg",2018.0,Италия,Сухое,6990.0,0.0,
"Вино Saint-Romain, Domaine Thierry et Pascale Matrot",2018.0,Франция,Сухое,7990.0,0.0,
"Вино Chianti Classico Gran Selezione Vigneto Bellavista, Castello di Ama",2018.0,Италия,Сухое,54990.0,4.0,
"Вино Meursault Rouge, Domaine Thierry et Pascale Matrot",2018.0,Франция,Сухое,9990.0,5.0,
"Вино Ailala Souson, Coto de Gomariz",2018.0,Испания,Сухое,2790.0,4.2,7.0
"Вино Meursault Premier Cru Charmes, Domaine Thierry et Pascale Matrot",2018.0,Франция,Сухое,19490.0,0.0,
"Вино Les Vieux Clos, Nicolas Joly",2018.0,Франция,Сухое,12490.0,0.0,
"Вино Meursault Premier Cru Blagny, Domaine Thierry et Pascale Matrot",2018.0,Франция,Сухое,18490.0,3.0,1.0
"Вино Saint-Aubin Premier Cru Les Murgers des Dents de Chien, Francois Carillon",2018.0,Франция,Сухое,14490.0,0.0,
"Вино Meursault Blanc, Domaine Thierry et Pascale Matrot",2018.0,Франция,Сухое,13490.0,0.0,
"Вино Bourgogne Pinot Noir , Domaine Thierry et Pascale Matrot",2018.0,Франция,Сухое,5990.0,4.3,2.0
"Вино Pelago, Umani Ronchi",2018.0,Италия,Сухое,8490.0,5.0,
"Вино Набор Barolo, Giacomo Fenocchio",2018.0,Италия,Вино,39990.0,0.0,
Вино Penfolds RWT Shiraz,2018.0,Австралия,Сухое,37490.0,0.0,
"Вино Othello, Dominus Estate",2018.0,Соединенные Штаты Америки,Сухое,13490.0,4.8,
"Вино Napanook, Dominus Estate",2018.0,Соединенные Штаты Америки,Сухое,21490.0,4.0,
Вино Penfolds Bin 389 Cabernet Shiraz,2018.0,Австралия,Сухое,11369.0,0.0,
"Вино Dominus, Dominus Estate",2018.0,Соединенные Штаты Америки,Сухое,79990.0,0.0,
"Вино Haiku, Castello di Ama",2018.0,Италия,Сухое,12490.0,4.8,1.0
"Вино Monthelie, Domaine Thierry et Pascale Matrot",2018.0,Франция,Сухое,9290.0,0.0,
"Вино Solo, Vodopivec",2018.0,Италия,Сухое,12490.0,0.0,
"Вино Maranges Premier Cru La Fussiere , Domaine Thierry et Pascale Matrot",2018.0,Франция,Сухое,8690.0,0.0,
"Вино Cote-Rotie Chateau d'Ampuis, Guigal",2018.0,Франция,Сухое,27490.0,0.0,1.0
"Вино Rosso di Montalcino, Pian dell'Orino",2018.0,Италия,Сухое,12990.0,0.0,
"Вино Chianti Classico Gran Selezione Vigneto La Casuccia, Castello di Ama",2018.0,Италия,Сухое,54990.0,0.0,
"Вино Morogues Les Cris, Domaine Pelle",2018.0,Франция,Сухое,5690.0,5.0,1.0
"Вино Corton-Charlemagne Grand Cru Vieilles Vignes, Domaine Dugat-Py",2018.0,Франция,Сухое,97490.0,0.0,
"Вино Morogues Les Cris, Domaine Pelle",2018.0,Франция,Сухое,5690.0,5.0,1.0
"Вино Barbera d'Asti Superiore, Canti",2018.0,Италия,Сухое,1690.0,4.3,13.0
"Вино Carnasciale, Podere Il Carnasciale",2018.0,Италия,Сухое,11490.0,3.0,2.0
"Вино Clos-Vougeot Grand Cru, Domaine d'Eugenie",2018.0,Франция,Сухое,89990.0,0.0,
"Вино Grands-Echezeaux Grand Cru, Domaine d'Eugenie",2018.0,Франция,Сухое,129010.0,0.0,
"Вино Pommard, Domaine Jean-Marc & Thomas Bouley",2018.0,Франция,Сухое,11490.0,3.5,
"Вино Barbera d'Asti la Crena, Vietti",2018.0,Италия,Сухое,9990.0,5.0,
"Вино Chardonnay La Rinconada Vineyard, Tyler",2018.0,Соединенные Штаты Америки,Сухое,13490.0,0.0,
"Вино Volnay Premier Cru Les Mitans, Domaine Michel Lafarge",2018.0,Франция,Сухое,26490.0,0.0,
"Вино Hermitage Rouge, Domaine Marc Sorrel",2018.0,Франция,Сухое,24990.0,0.0,1.0
"Вино Hermitage Le Greal, Domaine Marc Sorrel",2018.0,Франция,Сухое,39990.0,0.0,
"Вино Hermitage Les Rocoules , Domaine Marc Sorrel",2018.0,Франция,Сухое,39990.0,0.0,
"Вино Gevrey-Chambertin Ostrea, Domaine Trapet Pere et Fils",2018.0,Франция,Сухое,18990.0,0.0,
"Вино Torrione, Petrolo",2018.0,Италия,Сухое,6060.0,4.3,1.0
"Вино Amarone della Valpolicella Classico, Zenato",2018.0,Италия,Полусухое,11290.0,5.0,5.0
"Вино Aile d'Argent, Chateau Mouton Rothschild",2018.0,Франция,Сухое,31990.0,0.0,
"Вино Hommage a Camille Blanc, Louis Roederer",2018.0,Франция,Сухое,26490.0,0.0,
"Вино Семисам Резерв Мерло, Шумринка",2018.0,Россия,Сухое,1240.0,4.7,24.0
"Вино Набор Бароло и Барбареско (дер), Pio Cesare",2018.0,Италия,Вино,23490.0,0.0,
"Вино Chianti Classico Gran Selezione San Lorenzo, Castello di Ama",2018.0,Италия,Сухое,11190.0,5.0,3.0
"Вино Chianti Classico Gran Selezione San Lorenzo, Castello di Ama",2018.0,Италия,Сухое,11990.0,5.0,
"Вино Barolo Villero, Giacomo Fenocchio",2018.0,Италия,Сухое,17490.0,0.0,
"Вино Cantos del Diablo, Daniel Landi",2018.0,Испания,Сухое,18340.0,0.0,
"Вино Barolo Castellero, Giacomo Fenocchio",2018.0,Италия,Сухое,11490.0,0.0,
"Вино Saint-Joseph Lieu-dit, Guigal",2018.0,Франция,Сухое,9990.0,0.0,
"Вино Granite Syrah, Mullineux & Leeu",2018.0,Южная Африка,Сухое,17990.0,0.0,
Вино Penfolds Bin 389 Cabernet Shiraz,2018.0,Австралия,Сухое,11369.0,0.0,
"Вино LR, Colterenzio",2018.0,Италия,Сухое,22490.0,5.0,
Вино Penfolds RWT Shiraz,2018.0,Австралия,Сухое,37490.0,0.0,
Вино Montevertine,2018.0,Италия,Сухое,12490.0,5.0,
"Вино Barolo, Canti",2018.0,Италия,Сухое,5190.0,4.3,3.0
"Вино Nun Vinya dels Taus, Enric Soler",2018.0,Испания,Сухое,14750.0,0.0,
"Вино Gevrey-Chambertin Premier Cru Capita, Domaine Trapet Pere et Fils",2018.0,Франция,Сухое,36490.0,0.0,
"Вино Clos de Vougeot Grand Cru, Domaine Jean Grivot",2018.0,Франция,Сухое,74990.0,0.0,
"Вино Clos de Vougeot Grand Cru, Domaine Hubert Lignier",2018.0,Франция,Сухое,59990.0,0.0,
"Вино Mille e Una Notte, Donnafugata",2018.0,Италия,Сухое,10493.0,5.0,
Вино Chateau Figeac,2018.0,Франция,Сухое,69990.0,4.5,
"Вино Morey-Saint-Denis Premier Cru Les Blanchards, Domaine Hubert Lignier",2018.0,Франция,Сухое,22490.0,0.0,
"Вино Morey-Saint-Denis Premier Cru Clos Baulet, Domaine Hubert Lignier",2018.0,Франция,Сухое,22490.0,0.0,
Вино Penfolds Bin 311 Chardonnay,2018.0,Австралия,Сухое,5993.0,3.5,2.0
"Вино Vosne-Romanee Premier Cru Les Beaux Monts, Domaine Jean Grivot",2018.0,Франция,Сухое,52490.0,0.0,
"Вино Beaune du Chateau Premier Cru Blanc, Bouchard Pere & Fils",2018.0,Франция,Сухое,11190.0,0.0,
"Вино Pinot Noir Ried Fabian, Hans Igler",2018.0,Австрия,Сухое,4990.0,3.7,2.0
"Вино Origine, Vodopivec",2018.0,Италия,Сухое,9990.0,0.0,
"Вино Bourgogne les Perrieres, Simon Bize & Fils",2018.0,Франция,Сухое,6990.0,0.0,
"Вино Savigny-les-Beaune, Simon Bize & Fils",2018.0,Франция,Сухое,7490.0,4.0,1.0
"Вино Ailala Souson, Coto de Gomariz",2018.0,Испания,Сухое,2790.0,4.2,7.0
"Вино Romio Sangiovese di Romania Superiore, Caviro",2018.0,Италия,Полусухое,990.0,4.7,2.0
"Вино L`Apparita, Castello di Ama",2018.0,Италия,Сухое,54990.0,5.0,1.0
"Вино Blonde du Seigneur (Cote-Rotie), Domaine Georges Vernay",2018.0,Франция,Сухое,16990.0,0.0,
"Вино Герцъ, Сикоры",2018.0,Россия,Сухое,1790.0,4.7,34.0
"Вино Cote Rotie Maison Rouge, Domaine Georges Vernay",2018.0,Франция,Сухое,31990.0,5.0,1.0
"Вино Chambertin Grand Cru, Domaine Trapet Pere et Fils",2018.0,Франция,Сухое,124990.0,0.0,
"Вино Clos de Vougeot Grand Cru, Domaine Meo-Camuzet",2018.0,Франция,Сухое,67490.0,0.0,
Вино Togliano Merlot Volpe Pasini,2018.0,Италия,Сухое,3490.0,4.7,
"Вино Primofiore, Giuseppe Quintarelli",2018.0,Италия,Сухое,10490.0,4.0,
"Вино Romio Sangiovese di Romania Superiore, Caviro",2018.0,Италия,Полусухое,990.0,4.7,2.0
"Вино Improvisacio, Enric Soler",2018.0,Испания,Сухое,9650.0,5.0,
"Вино Gavi Monterotondo, Villa Sparina",2019.0,Италия,Сухое,13490.0,5.0,
"Вино Beaune Clos du Dessus des Marconnets, Domaine Paul Pernot & Fils",2019.0,Франция,Сухое,9490.0,0.0,
"Вино Vosne-Romanee 1er Cru - les Suchots, Domaine Hudelot-Noellat",2019.0,Франция,Сухое,44990.0,0.0,
"Вино La Faraona, Descendientes de Jose Palacios",2019.0,Испания,Сухое,200090.0,0.0,
"Вино Primo I Grande Cuvee, Cantina Terlan",2019.0,Италия,Сухое,37490.0,5.0,
"Вино Pinot Noir, Dog Point Vineyard",2019.0,Новая Зеландия,Сухое,10060.0,0.0,
Вино Cote-Rotie Brune et Blonde de Guigal,2019.0,Франция,Сухое,10394.0,5.0,1.0
"Вино Condrieu, Guigal",2019.0,Франция,Сухое,8043.0,5.0,1.0
"Вино Gaia, Domaine de Belle Vue",2019.0,Франция,Сухое,6990.0,3.5,
"Вино Clos d'Ora, Gerard Bertrand",2019.0,Франция,Сухое,49990.0,0.0,
"Вино Meursault Clos des Ecoles, Domaine Hudelot-Noellat",2019.0,Франция,Сухое,17490.0,0.0,
"Вино Marcillac Vieilles Vignes, Domain du Cros",2019.0,Франция,Сухое,2443.0,0.0,1.0
"Вино Montrachet Grand Cru Marquis de Laguiche, Joseph Drouhin",2019.0,Франция,Сухое,194990.0,5.0,
"Вино Bourgogne Pinot Noir, Domaine Jean-Marc & Thomas Bouley",2019.0,Франция,Сухое,6490.0,4.9,2.0
"Вино Vougeot 1er Cru - les Petits Vougeot, Domaine Hudelot-Noellat",2019.0,Франция,Сухое,29990.0,0.0,
"Вино Las Iruelas , Daniel Landi",2019.0,Испания,Сухое,23490.0,0.0,
"Вино Riesling Wiebelsberg Grand Cru La Dame, Domaine Marc Kreydenweiss",2019.0,Франция,Сухое,8990.0,5.0,
"Вино Bourgogne Pinot Noir, Domaine Hudelot-Noellat",2019.0,Франция,Сухое,7990.0,4.5,
"Вино Kisi Qvevri, Giuaani",2019.0,Грузия,Сухое,2790.0,4.3,3.0
"Вино Triple Overtime Cabernet Sauvignon, Igor Larionov",2019.0,Австралия,Сухое,2890.0,4.4,5.0
"Вино Beaune Premier Cru Clos des Aigrots, Domaine Michel Lafarge",2019.0,Франция,Сухое,17490.0,0.0,
"Вино Chambolle-Musigny, Domaine Hudelot-Noellat",2019.0,Франция,Сухое,17490.0,0.0,
"Вино Les Vieux Clos, Nicolas Joly",2019.0,Франция,Полусухое,9990.0,0.0,
Вино Triennes Les Aureliens Blanc,2019.0,Франция,Сухое,2990.0,5.0,1.0
"Вино La Baixada, Alvaro Palacios",2019.0,Испания,Сухое,45530.0,0.0,
"Вино Blanc de Lynch-Bages , Chateau Lynch-Bages",2019.0,Франция,Сухое,10990.0,0.0,
"Вино Pinot Noir Russian River Valley, Kistler",2019.0,Соединенные Штаты Америки,Сухое,14990.0,0.0,
"Вино Volnay Clos de la Cave, Domaine Jean-Marc & Thomas Bouley",2019.0,Франция,Сухое,14990.0,0.0,
"Вино Crozes-Hermitage Blanc, Domaine Marc Sorrel",2019.0,Франция,Сухое,8990.0,0.0,
Вино Chateau Les Rosiers Rouge,2019.0,Франция,Сухое,1690.0,4.0,
"Вино Morey-Saint-Denis Premier Cru Clos des Monts Luisants, Anne-Francoise Gros",2019.0,Франция,Сухое,27490.0,0.0,
"Вино Pinot Gris Moenchberg Grand Cru Le Moine, Domaine Marc Kreydenweiss",2019.0,Франция,Сухое,9990.0,0.0,
"Вино Amarone della Valpolicella Valpantena, Bertani",2019.0,Италия,Полусухое,9490.0,5.0,
Вино Secco-Bertani Vintage Edition,2019.0,Италия,Сухое,3490.0,3.5,1.0
"Вино Vino Nobile di Montepulciano Silineo, Fattoria del Cerro",2019.0,Италия,Сухое,2303.0,4.5,19.0
"Вино La Reserve d'Angludet, Chateau Angludet",2019.0,Франция,Сухое,5490.0,5.0,
"Вино Chenas Quartz, Domaines Dominique Piron",2019.0,Франция,Сухое,3790.0,5.0,
Вино Penfolds Bin 389 Cabernet Shiraz,2019.0,Австралия,Сухое,17990.0,5.0,
"Вино Derthona, Vigneti Massa",2019.0,Италия,Сухое,5490.0,4.3,1.0
"Вино Hermitage Rouge, Guigal",2019.0,Франция,Сухое,11193.0,4.0,
"Вино Bonarda dell’Oltrepo Pavese , Martilde",2019.0,Италия,Полусухое,2490.0,4.4,4.0
"Вино Jo Salento Negramaro, Gianfranco Fino",2019.0,Италия,Сухое,14990.0,0.0,
"Вино Riesling Kastelberg Grand Cru Le Chateau, Domaine Marc Kreydenweiss",2019.0,Франция,Сухое,11990.0,5.0,
Вино Demuerte Classic,2019.0,Испания,Полусухое,1640.0,4.5,17.0
"Вино Chassagne-Montrachet Premier Cru Les Caillerets, Domaine Amiot Guy et Fils",2019.0,Франция,Сухое,17490.0,0.0,
"Вино Barolo Bussia, Giacomo Fenocchio",2019.0,Италия,Сухое,11190.0,5.0,2.0
"Вино Cumaro, Umani Ronchi",2019.0,Италия,Сухое,4990.0,5.0,
"Вино Tenuta Perano Chianti Classico Riserva, Frescobaldi",2019.0,Италия,Сухое,5490.0,5.0,
"Вино Mormoreto, Frescobaldi",2019.0,Италия,Сухое,8769.0,5.0,
"Вино Saint-Joseph Rouge, Guigal",2019.0,Франция,Сухое,4219.0,5.0,
Вино Hacienda Lopez de Haro Crianza,2019.0,Испания,Сухое,936.0,4.6,50.0
"Вино Saint-Aubin Premier Cru Les Charmois, Domaine Paul Pillot",2019.0,Франция,Сухое,10490.0,5.0,
"Вино Chateauneuf-du-Pape Saintes Pierres de Nalys Blanc, Guigal",2019.0,Франция,Сухое,6494.0,5.0,
"Вино Hermitage Les Rocoules , Domaine Marc Sorrel",2019.0,Франция,Сухое,39990.0,0.0,
"Вино Chassagne-Montrachet Premier Cru Les Caillerets, Domaine Paul Pillot",2019.0,Франция,Сухое,23990.0,0.0,
Вино Penfolds Bin 128 Coonawarra Shiraz,2019.0,Австралия,Сухое,6293.0,4.5,
"Вино Raccontami, Vespa",2019.0,Италия,Полусухое,5990.0,5.0,
"Вино Hermitage Blanc, Guigal",2019.0,Франция,Сухое,8743.0,5.0,2.0
"Вино Julienas La Comb Vineuse, Armand Heitz",2019.0,Франция,Сухое,3490.0,0.0,
"Вино Saint-Aubin Travers de chez Edouard, Armand Heitz",2019.0,Франция,Сухое,7490.0,0.0,
"Вино Meursault La Barre, Armand Heitz",2019.0,Франция,Сухое,12490.0,5.0,
"Вино Gaia, Domaine de Belle Vue",2019.0,Франция,Сухое,6990.0,3.5,
"Вино Meursault Premier Cru Perrieres, Armand Heitz",2019.0,Франция,Сухое,29990.0,0.0,
"Вино Pommard Village, Armand Heitz",2019.0,Франция,Сухое,9490.0,0.0,
"Вино Clos des Lambrays Grand Cru, Domaine des Lambrays",2019.0,Франция,Сухое,129990.0,5.0,
"Вино Beaune 1er Cru Boucherottes, Armand Heitz",2019.0,Франция,Сухое,13490.0,0.0,
"Вино Pommard Premier Cru Clos des Poutures, Armand Heitz",2019.0,Франция,Сухое,16490.0,0.0,
"Вино Pommard Premier Cru Les Rugiens, Domaine Yvon Clerget",2019.0,Франция,Сухое,24990.0,0.0,
"Вино Volnay Premier Cru Les Caillerets, Domaine Yvon Clerget",2019.0,Франция,Сухое,23490.0,0.0,
"Вино Crozes-Hermitage Rouge, Domaine Marc Sorrel",2019.0,Франция,Сухое,8490.0,0.0,
"Вино Volnay Premier Cru Carelle sous la Chapelle, Domaine Yvon Clerget",2019.0,Франция,Сухое,16990.0,0.0,
"Вино Volnay , Domaine Yvon Clerget",2019.0,Франция,Сухое,12990.0,0.0,
"Вино Dolce&Gabbana Cuordilava, Donnafugata",2019.0,Италия,Сухое,14490.0,5.0,1.0
"Вино Hermitage Rouge, Domaine Marc Sorrel",2019.0,Франция,Сухое,24990.0,0.0,1.0
"Вино Hermitage Blanc, Domaine Marc Sorrel",2019.0,Франция,Сухое,24990.0,0.0,
"Вино Clos des Cessieux, Herve Souhaut",2019.0,Франция,Сухое,8990.0,5.0,1.0
"Вино Sainte Epine, Herve Souhaut",2019.0,Франция,Сухое,9990.0,5.0,
Вино Noa White,2019.0,Армения,Сухое,2490.0,4.4,3.0
"Вино Hermitage Le Greal, Domaine Marc Sorrel",2019.0,Франция,Сухое,39990.0,0.0,
"Вино Volnay Premier Cru Les Caillerets, Domaine Jean-Marc & Thomas Bouley",2019.0,Франция,Сухое,28490.0,0.0,
"Вино Nebbiolo d'Alba, Bruno Giacosa",2019.0,Италия,Сухое,8950.0,0.0,
"Вино Bien Nacido Vineyard Chardonnay, Chanin Wine",2019.0,Соединенные Штаты Америки,Полусухое,12130.0,0.0,
Вино Chateau Rocheyron (Saint-Emilion Grand Cru),2019.0,Франция,Сухое,17490.0,4.0,
"Вино Boggina A, Petrolo",2019.0,Италия,Сухое,10490.0,0.0,
"Вино Boggina C Riserva, Petrolo",2019.0,Италия,Сухое,17990.0,0.0,
"Вино Boggina B, Petrolo",2019.0,Италия,Сухое,11490.0,0.0,
"Вино Ottantadue, Podere Il Carnasciale",2019.0,Италия,Сухое,5990.0,4.7,
"Вино Carnasciale, Podere Il Carnasciale",2019.0,Италия,Сухое,12490.0,3.0,2.0
"Вино Pinot Gris Moenchberg Grand Cru Le Moine, Domaine Marc Kreydenweiss",2019.0,Франция,Сухое,9990.0,0.0,
"Вино Riesling Kastelberg Grand Cru Le Chateau, Domaine Marc Kreydenweiss",2019.0,Франция,Сухое,11990.0,5.0,
"Вино Condado de Oriza Crianza, Pagos del Rey",2019.0,Испания,Сухое,1490.0,4.4,1.0
"Вино Rosso di Montalcino, Le Potazzine",2019.0,Италия,Сухое,7790.0,0.0,
"Вино Chenas Quartz, Domaines Dominique Piron",2019.0,Франция,Сухое,3790.0,5.0,
"Вино Riesling Wiebelsberg Grand Cru La Dame, Domaine Marc Kreydenweiss",2019.0,Франция,Сухое,8990.0,5.0,
"Вино Clos des Lambrays Grand Cru, Domaine des Lambrays",2019.0,Франция,Сухое,129990.0,5.0,
Вино Secco-Bertani Vintage Edition,2019.0,Италия,Сухое,3490.0,3.5,1.0
"Вино Saint-Aubin La Princee, Domaine Hubert Lamy",2019.0,Франция,Сухое,9790.0,5.0,
Вино Besini Qvevri Saperavi,2019.0,Грузия,Сухое,3290.0,4.4,5.0
"Вино Regnie, Domaine Guy Breton",2019.0,Франция,Сухое,5290.0,5.0,
"Вино Barbera d’Alba Superiore Donna Elena, Cascina delle Rose",2019.0,Италия,Сухое,5990.0,5.0,
"Вино Barbaresco Tre Stelle, Cascina delle Rose",2019.0,Италия,Сухое,12490.0,4.7,2.0
"Вино Petit Chablis, William Fevre",2019.0,Франция,Сухое,5490.0,0.0,
"Вино Gattinara, Travaglini",2019.0,Италия,Сухое,6190.0,4.8,6.0
"Вино Clos du Moulin, Thierry Germain",2019.0,Франция,Сухое,9490.0,5.0,
"Вино Leeu Passant Red, Mullineux & Leeu",2019.0,Южная Африка,Сухое,18490.0,0.0,
"Вино Granato, Foradori",2019.0,Италия,Сухое,11290.0,4.0,1.0
"Вино Marcillac Vieilles Vignes, Domain du Cros",2019.0,Франция,Сухое,2443.0,0.0,1.0
"Вино Beaujolais-Villages Marylou, Domaine Guy Breton",2019.0,Франция,Сухое,4290.0,4.3,1.0
"Вино Bourgogne Chardonnay Les Chataigners, Domaine Hubert Lamy",2019.0,Франция,Сухое,7790.0,0.0,
"Вино Raccontami, Vespa",2019.0,Италия,Полусухое,5990.0,5.0,
"Вино Granato, Foradori",2019.0,Италия,Сухое,11290.0,4.0,1.0
"Вино Montebruna, Braida",2019.0,Италия,Сухое,6290.0,5.0,1.0
"Вино Morey-Saint-Denis Premier Cru Clos Baulet, Domaine Hubert Lignier",2019.0,Франция,Сухое,22490.0,0.0,
"Вино Vosne-Romanee Premier Cru Les Suchots, Domaine Michel Noellat",2019.0,Франция,Сухое,24990.0,5.0,
"Вино Clos de Vougeot Grand Cru, Domaine Hubert Lignier",2019.0,Франция,Сухое,59990.0,0.0,
"Вино Saint-Joseph Terres d'Encre, Domaine Georges Vernay",2019.0,Франция,Сухое,11490.0,0.0,
"Вино Les Perrieres, Chateau Lafleur",2019.0,Франция,Сухое,12490.0,0.0,
"Вино Condrieu Les Chaillees de L'Enfer, Domaine Georges Vernay",2019.0,Франция,Сухое,22990.0,0.0,1.0
Вино Foradori,2019.0,Италия,Сухое,4490.0,4.4,3.0
"Вино Saint-Romain Rouge, Domaine Alain Gras",2019.0,Франция,Сухое,7490.0,5.0,
"Вино Gevrey-Chambertin Premier Cru Champeaux Tres Vieilles Vignes, Domaine Dugat-Py",2019.0,Франция,Сухое,67490.0,0.0,
"Вино Corton-Charlemagne Grand Cru Vieilles Vignes, Domaine Dugat-Py",2019.0,Франция,Сухое,97490.0,0.0,
Вино Chateau Carbonnieux Blanc,2019.0,Франция,Сухое,7590.0,4.7,2.0
"Вино Tonnerre de Gres, Domaine Curtet",2019.0,Франция,Сухое,6990.0,0.0,
"Вино Frisson des Cimes, Domaine Curtet",2019.0,Франция,Сухое,6990.0,4.0,1.0
"Вино Dos Caprichos Joven, Bodegas Faustino",2019.0,Испания,Сухое,1120.0,4.4,3.0
"Вино Max's Garden, Two Hands",2019.0,Австралия,Сухое,8990.0,5.0,
"Вино Bella’s Garden, Two Hands",2019.0,Австралия,Сухое,8990.0,4.8,6.0
"Вино Anjou Blanc, Thibaud Boudignon",2019.0,Франция,Сухое,7990.0,0.0,
Вино Лефкадия Сира,2019.0,Россия,Сухое,1990.0,0.0,
"Вино Chardonnay La Rinconada Vineyard, Tyler",2019.0,Соединенные Штаты Америки,Сухое,13490.0,0.0,
"Вино Kritt Pinot Blanc Les Charmes, Domaine Marc Kreydenweiss",2019.0,Франция,Полусухое,3990.0,4.5,3.0
"Вино Auxey-Duresses Blanc, Domaine Agnes Paquet",2019.0,Франция,Сухое,6490.0,0.0,
"Вино Chiroubles, Domaine Lafarge Vial",2019.0,Франция,Сухое,6490.0,5.0,
"Вино Chardonnay Salus, Staglin Family Vineyard",2019.0,Соединенные Штаты Америки,Сухое,11990.0,0.0,
"Вино Saint-Joseph Circa , Jean-Louis Chave",2019.0,Франция,Сухое,5290.0,5.0,1.0
"Вино Larionov Petit Verdot, Igor Larionov",2019.0,Соединенные Штаты Америки,Сухое,11190.0,5.0,1.0
"Вино Larionov Pinot Noir, Igor Larionov",2019.0,Соединенные Штаты Америки,Сухое,14990.0,5.0,1.0
"Вино Gevrey-Chambertin Premier Cru Combe aux Moines Vieille Vigne, Domaine Fourrier",2019.0,Франция,Сухое,49990.0,0.0,
"Вино Essencials Monastrell 9 Mesos, Can Leandro",2019.0,Испания,Сухое,2790.0,4.6,2.0
"Вино Pinotage The Winemasters, Nederburg",2019.0,Южная Африка,Полусухое,1490.0,4.9,3.0
"Вино Puligny-Montrachet Les Tremblots, Domaine Hubert Lamy",2019.0,Франция,Сухое,15490.0,0.0,
"Вино Amarone della Valpolicella Valpantena, Bertani",2019.0,Италия,Полусухое,9490.0,5.0,
"Вино Saint-Aubin Premier Cru Les Charmois, Domaine Paul Pillot",2019.0,Франция,Сухое,10490.0,5.0,
"Вино Chryseia, Prats & Symington",2019.0,Португалия,Сухое,13510.0,5.0,2.0
"Вино Maggiorina, Le Piane",2019.0,Италия,Сухое,4130.0,3.0,
"Вино Maurizio Zanella, Ca'Del Bosco",2019.0,Италия,Сухое,15990.0,5.0,
"Вино Chateauneuf-du-Pape Saintes Pierres de Nalys Blanc, Guigal",2019.0,Франция,Сухое,6494.0,5.0,
Вино Penfolds Bin 128 Coonawarra Shiraz,2019.0,Австралия,Сухое,6293.0,4.5,
"Вино Saint-Aubin Premier Cru Murgers des Dents de Chien Monopole, Armand Heitz",2019.0,Франция,Сухое,13990.0,0.0,
"Вино Chianti Classico Gran Selezione Vigna Gittori, Riecine",2019.0,Италия,Сухое,14990.0,0.0,
"Вино Saint-Romain Combe Bazin, Armand Heitz",2019.0,Франция,Сухое,7190.0,0.0,
Вино La Massa,2019.0,Италия,Сухое,6190.0,4.0,1.0
"Вино Savigny-les-Beaune Les Goudelettes, Domaine Antonin Guyon",2019.0,Франция,Сухое,9990.0,0.0,
"Вино Saint-Aubin Premier Cru Murgers des Dents de Chien Monopole, Armand Heitz",2019.0,Франция,Сухое,13990.0,0.0,
"Вино Meursault, Armand Heitz",2019.0,Франция,Сухое,12990.0,0.0,
"Вино Corton Grand Cru Chaumes, Armand Heitz",2019.0,Франция,Сухое,39990.0,0.0,
"Вино Las Iruelas , Daniel Landi",2019.0,Испания,Сухое,23490.0,0.0,
"Вино Corton Grand Cru Chaumes, Armand Heitz",2019.0,Франция,Сухое,39990.0,0.0,
"Вино Coleccion 125 Blanco, Bodegas Chivite",2019.0,Испания,Сухое,8990.0,0.0,
Вино Loco Cimbali Saperavi,2019.0,Россия,Сухое,1990.0,4.0,1.0
"Вино Villa de Corullon, Descendientes de Jose Palacios",2019.0,Испания,Сухое,8690.0,5.0,1.0
"Вино Meursault, Armand Heitz",2019.0,Франция,Сухое,12990.0,0.0,
"Вино Sainte Epine, Herve Souhaut",2019.0,Франция,Сухое,9990.0,5.0,
"Вино Barbaresco, Pio Cesare",2019.0,Италия,Сухое,11190.0,4.6,2.0
"Вино Barrua, Agricola Punica",2019.0,Италия,Сухое,7490.0,4.4,4.0
"Вино Sanford & Benedict Vineyard Pinot Noir, Chanin Wine",2019.0,Соединенные Штаты Америки,Полусухое,14990.0,4.0,
"Вино Amarone della Valpolicella Valpantena, Bertani",2019.0,Италия,Полусухое,8290.0,5.0,1.0
"Вино Pingus, Dominio de Pingus",2019.0,Испания,Сухое,184990.0,5.0,
"Вино Montesodi, Frescobaldi",2019.0,Италия,Сухое,8490.0,0.0,
"Вино Clos des Cessieux, Herve Souhaut",2019.0,Франция,Сухое,8990.0,5.0,1.0
Вино Chateau Smith Haut-Lafitte Blanc,2019.0,Франция,Сухое,26490.0,0.0,
"Вино Gran Reserva Carmenere, Santa Carolina",2019.0,Чили,Сухое,1790.0,3.5,1.0
"Вино Romio Sauvignon Blanc, Caviro",2020.0,Италия,Сухое,1240.0,4.5,5.0
"Вино Gevrey-Chambertin, Joseph Drouhin",2020.0,Франция,Сухое,13990.0,0.0,
"Вино Max Reserva Carmenere, Errazuriz",2020.0,Чили,Сухое,2990.0,4.6,4.0
"Вино Les Vieux Clos, Nicolas Joly",2020.0,Франция,Полусухое,9990.0,0.0,
"Вино Nuits-Saint-Georges, Joseph Drouhin",2020.0,Франция,Сухое,13990.0,0.0,
"Вино Clos de la Roche Grand Cru, Domaine Gerard Peirazeau & Fils",2020.0,Франция,Сухое,39990.0,0.0,
"Вино Clos Saint Denis Grand Cru, Domaine Gerard Peirazeau & Fils",2020.0,Франция,Сухое,39990.0,0.0,
"Вино Clos de la Coulee de Serrant, Nicolas Joly",2020.0,Франция,Полусухое,19990.0,0.0,
"Вино Belouve Rouge, Domaines Bunan",2020.0,Франция,Сухое,2373.0,4.3,
"Вино Roero Arneis Riserva Bricco delle Passere, Tibaldi",2020.0,Италия,Сухое,3490.0,3.0,1.0
"Вино Chassagne-Montrachet, Bouchard Pere & Fils",2020.0,Франция,Сухое,15990.0,5.0,1.0
"Вино Morogues Le Carroir, Domaine Pelle",2020.0,Франция,Сухое,4790.0,5.0,1.0
"Вино Saint-Romain Rouge, Domaine Alain Gras",2020.0,Франция,Сухое,8990.0,5.0,
"Вино Morgon La Chanaise, Domaines Dominique Piron",2020.0,Франция,Сухое,3390.0,4.0,1.0
"Вино Петрикор Алиготе, Шумринка",2020.0,Россия,Сухое,1790.0,4.7,2.0
Вино Besini Rose,2020.0,Грузия,Полусухое,990.0,4.7,2.0
"Вино Platbos, David & Nadia",2020.0,Южная Африка,Сухое,14490.0,0.0,
"Вино Skaliekop, David & Nadia",2020.0,Южная Африка,Сухое,14490.0,0.0,
"Вино Beaujolais Fleurie Clos Vernay , Domaine Lafarge Vial",2020.0,Франция,Сухое,8490.0,0.0,
"Вино Charmes-Chambertin Grand Cru, Domaine Gerard Peirazeau & Fils",2020.0,Франция,Сухое,44990.0,0.0,
"Вино Beaune Premier Cru Greves Vigne de l'Enfant Jesus, Bouchard Pere & Fils",2020.0,Франция,Сухое,37490.0,5.0,1.0
"Вино Saint-Romain Blanc , Domaine Alain Gras",2020.0,Франция,Сухое,8990.0,0.0,
"Вино Beaujolais Fleurie Clos Vernay , Domaine Lafarge Vial",2020.0,Франция,Сухое,8690.0,5.0,1.0
"Вино Kritt Pinot Blanc Les Charmes, Domaine Marc Kreydenweiss",2020.0,Франция,Полусухое,4140.0,4.5,3.0
"Вино Bourgogne Pinot Noir, Domaine Gerard Peirazeau & Fils",2020.0,Франция,Сухое,5490.0,0.0,
Вино Le Serre Nuove dell'Ornellaia,2020.0,Италия,Сухое,12490.0,5.0,2.0
"Вино Morey Saint Denis, Domaine Gerard Peirazeau & Fils",2020.0,Франция,Сухое,12990.0,0.0,
"Вино Auxey-Duresses Tres Vieilles Vignes, Domaine Alain Gras",2020.0,Франция,Сухое,11190.0,0.0,
Вино Bianco di Riecine,2020.0,Италия,Сухое,6990.0,0.0,
"Вино Flors di Uis, Vie di Romans",2020.0,Италия,Сухое,7190.0,3.0,
"Вино Bourgogne Chardonnay, Armand Heitz",2020.0,Франция,Сухое,4490.0,0.0,
"Вино Chambolle Musigny Premier Cru Les Amoureuses, Domaine Gerard Peirazeau & Fils",2020.0,Франция,Сухое,59990.0,0.0,
"Вино Beaune Premier Cru Clos des Mouches Blanc, Joseph Drouhin",2020.0,Франция,Сухое,34990.0,0.0,
"Вино Pouilly-Fuisse, Bouchard Pere & Fils",2020.0,Франция,Сухое,8290.0,5.0,1.0
"Вино Chablis Grand Cru Vaudesir, Jean-Marc Brocard (Domaine Sainte-Claire)",2020.0,Франция,Сухое,14990.0,0.0,
"Вино Morogues, Domaine Pelle",2020.0,Франция,Сухое,3990.0,4.6,3.0
"Вино Chateau de Villemajou Grand Vin Rouge, Gerard Bertrand",2020.0,Франция,Сухое,7290.0,0.0,
"Вино Tenuta Regaleali Lamuri, Tasca d'Almerita",2020.0,Италия,Сухое,3190.0,4.8,8.0
"Вино Porphyr Lagrein Riserva, Cantina Terlan",2020.0,Италия,Сухое,11990.0,5.0,1.0
"Вино Pinot Grigio Zuc di Volpe, Volpe Pasini",2020.0,Италия,Сухое,4990.0,4.0,1.0
"Вино Beaune Premier Cru Clos des Mouches Rouge, Joseph Drouhin",2020.0,Франция,Сухое,28490.0,0.0,
"Вино Puligny-Montrachet Premier Cru Champ Gain, Olivier Leflaive Freres",2020.0,Франция,Сухое,38490.0,5.0,
"Вино Barbera d'Alba Scarrone Vigna Vecchia, Vietti",2020.0,Италия,Сухое,11990.0,0.0,
"Вино Les Roches, Thierry Germain",2020.0,Франция,Сухое,4490.0,0.0,
"Вино Alma X: каберне совиньон, саперави, Alma Valley",2020.0,Россия,Сухое,1120.0,4.3,1.0
"Вино Hoe-Steen, David & Nadia",2020.0,Южная Африка,Сухое,14490.0,0.0,
"Вино Gran Reserva Cabernet Sauvignon, Santa Carolina",2020.0,Чили,Сухое,1790.0,4.0,1.0
"Вино Terres, Thierry Germain",2020.0,Франция,Сухое,13990.0,0.0,
"Вино Puligny-Montrachet, Bouchard Pere & Fils",2020.0,Франция,Сухое,19490.0,5.0,
"Вино Rosso di Montalcino, Le Potazzine",2020.0,Италия,Сухое,7790.0,0.0,
"Вино Barbera d'Asti la Crena, Vietti",2020.0,Италия,Сухое,9990.0,5.0,
"Вино Blauer Zweigelt, Anita & Hans Nittnaus",2020.0,Австрия,Сухое,2640.0,4.6,11.0
"Вино Pommard Premier Cru Clos des Poutures, Armand Heitz",2020.0,Франция,Сухое,18990.0,0.0,
"Вино Fuoripista Pinot Grigio, Foradori",2020.0,Италия,Сухое,7290.0,5.0,
"Вино Chambertin Clos de Beze Grand Cru, Domaine Gerard Peirazeau & Fils",2020.0,Франция,Сухое,74990.0,0.0,
"Вино Meursault Gruyaches, Armand Heitz",2020.0,Франция,Сухое,13490.0,5.0,
"Вино Elpidios, David & Nadia",2020.0,Южная Африка,Сухое,5690.0,0.0,
"Вино Meursault Premier Cru Perrieres, Armand Heitz",2020.0,Франция,Сухое,34990.0,0.0,
"Вино Sgarzon, Foradori",2020.0,Италия,Сухое,7290.0,0.0,
Вино Foradori,2020.0,Италия,Сухое,4490.0,4.4,3.0
"Вино Puligny-Montrachet, Joseph Drouhin",2020.0,Франция,Сухое,17490.0,5.0,1.0
"Вино Chassagne-Montrachet Premier Cru Morgeot Marquis de Laguiche, Joseph Drouhin",2020.0,Франция,Сухое,28990.0,5.0,
"Вино Volnay, Joseph Drouhin",2020.0,Франция,Сухое,11490.0,5.0,1.0
"Вино Saint-Joseph Blanc, Guigal",2020.0,Франция,Сухое,4219.0,4.0,
"Вино Julienas La Comb Vineuse, Armand Heitz",2020.0,Франция,Сухое,3990.0,0.0,
"Вино Beaune Premier Cru Boucherottes , Armand Heitz",2020.0,Франция,Сухое,13990.0,0.0,
"Вино Chablis Grand Cru Vaudesir, Joseph Drouhin",2020.0,Франция,Сухое,17990.0,0.0,
"Вино Cote de Beaune, Joseph Drouhin",2020.0,Франция,Сухое,10490.0,4.8,
"Вино Meursault, Joseph Drouhin",2020.0,Франция,Сухое,16490.0,5.0,
"Вино Pommard Premier Cru Pezerolles, Armand Heitz",2020.0,Франция,Сухое,18990.0,0.0,
"Вино Maggiorina, Le Piane",2020.0,Италия,Сухое,3790.0,3.0,
"Вино Pommard, Joseph Drouhin",2020.0,Франция,Сухое,13490.0,4.7,
"Вино Chablis Grand Cru Bougros, Joseph Drouhin",2020.0,Франция,Сухое,18490.0,5.0,
"Вино Chianti Classico, Conti Serristori",2020.0,Италия,Сухое,1990.0,4.6,4.0
"Вино Hito, Bodegas Cepa 21",2020.0,Испания,Сухое,2690.0,4.7,22.0
"Вино Sauvignon Blanc, Mantra",2020.0,Россия,Сухое,2190.0,5.0,
"Вино Tokaji Mandolas, Oremus",2020.0,Венгрия,Сухое,6190.0,4.5,8.0
"Вино Echezeaux Grand Cru, Domaine Michel Noellat",2020.0,Франция,Сухое,52490.0,0.0,
"Вино Vosne-Romanee Premier Cru Les Chaumes, Domaine Michel Noellat",2020.0,Франция,Сухое,27490.0,0.0,
"Вино Savigny-les-Beaune, Domaine Michel Noellat",2020.0,Франция,Сухое,7790.0,5.0,1.0
"Вино Sgarzon, Foradori",2020.0,Италия,Сухое,7290.0,0.0,
Вино Foradori,2020.0,Италия,Сухое,4490.0,4.4,3.0
"Вино Dea Vulcano, Donnafugata",2020.0,Италия,Сухое,3890.0,4.7,10.0
"Вино Langhe Chardonnay Piodilei, Pio Cesare",2020.0,Италия,Сухое,6490.0,5.0,3.0
"Вино La Souteronne, Herve Souhaut",2020.0,Франция,Сухое,5490.0,0.0,
"Вино Syrah, Herve Souhaut",2020.0,Франция,Сухое,5490.0,4.0,4.0
"Вино Domaine Romaneaux-Destezet, Herve Souhaut",2020.0,Франция,Сухое,5490.0,0.0,
"Вино Clos des Cessieux, Herve Souhaut",2020.0,Франция,Сухое,8990.0,5.0,1.0
"Вино Sainte Epine, Herve Souhaut",2020.0,Франция,Сухое,10490.0,5.0,
"Вино Morgon Cote du Py, Domaines Dominique Piron",2020.0,Франция,Сухое,4490.0,4.7,1.0
"Вино Barbera d`Alba Il Cerreto, Roberto Voerzio",2020.0,Италия,Сухое,8490.0,0.0,
"Вино Carolina Reserva Cabernet Sauvignon, Santa Carolina",2020.0,Чили,Сухое,1290.0,4.5,17.0
"Вино Primofiore, Giuseppe Quintarelli",2020.0,Италия,Сухое,12990.0,4.0,
"Вино Pouilly-Fuisse, Bouchard Pere & Fils",2020.0,Франция,Сухое,8290.0,5.0,1.0
"Вино Fuoripista Pinot Grigio, Foradori",2020.0,Италия,Сухое,7290.0,5.0,
Вино Poggio alle Gazze dell'Ornellaia,2020.0,Италия,Сухое,11490.0,5.0,1.0
"Вино Shiraz, Mantra",2020.0,Россия,Сухое,2190.0,3.7,8.0
"Вино Sancerre Blanc La Bourgeoise, Henri Bourgeois",2020.0,Франция,Сухое,6490.0,4.3,1.0
"Вино Romio Chianti, Caviro",2020.0,Италия,Сухое,1140.0,3.9,4.0
"Вино Camden Park Shiraz Grenache, Byrne Vineyards",2020.0,Австралия,Сухое,1120.0,4.5,3.0
"Вино Hospices de Beaune Premier Cru Cuvee Maurice Drouhin, Joseph Drouhin",2020.0,Франция,Сухое,27490.0,0.0,
"Вино Langhe Freisa, Vietti",2020.0,Италия,Сухое,3493.0,4.0,2.0
"Вино Beaune Clos du Dessus des Marconnets, Domaine Paul Pernot & Fils",2020.0,Франция,Сухое,9490.0,0.0,
"Вино Chateauneuf-du-Pape Vieux Telegraphe La Crau, Vignobles Brunier",2020.0,Франция,Сухое,15490.0,5.0,1.0
"Вино Bourgogne Pinot Noir, Armand Heitz",2020.0,Франция,Сухое,4490.0,0.0,
"Вино Bourgogne Cuvee Margot, Olivier Leflaive Freres",2020.0,Франция,Сухое,8490.0,5.0,2.0
"Вино Malleolus, Emilio Moro",2020.0,Испания,Сухое,7290.0,4.1,3.0
"Вино Charmes-Chambertin Grand Cru, Domaine Antonin Guyon",2020.0,Франция,Сухое,62490.0,0.0,
"Вино Granato, Foradori",2020.0,Италия,Сухое,12490.0,4.0,1.0
"Вино Moulin des Costes Charriage, Domaines Bunan",2020.0,Франция,Сухое,9990.0,5.0,1.0
"Вино Centine Rosso, Banfi",2020.0,Италия,Полусухое,1990.0,4.5,1.0
Вино Closerie Saint Roc Les Sureaux,2020.0,Франция,Сухое,13490.0,0.0,
Вино Closerie Saint Roc Les Pins,2020.0,Франция,Сухое,11990.0,0.0,
Вино Closerie Saint Roc Les Noyers,2020.0,Франция,Сухое,9990.0,0.0,
"Вино Puligny-Montrachet, Olivier Leflaive Freres",2020.0,Франция,Сухое,27990.0,4.5,
"Вино Beaune Clos de la Chaume Gaufriot, Domaine Antonin Guyon",2020.0,Франция,Сухое,9990.0,4.5,1.0
"Вино Puligny-Montrachet Premier Cru Champ Canet - Clos de la Jaquelotte, Domaine Paul Pernot & Fils",2020.0,Франция,Сухое,21490.0,0.0,
"Вино Puligny-Montrachet, Domaine Paul Pernot & Fils",2020.0,Франция,Сухое,13490.0,0.0,
"Вино Bourgogne, Domaine Paul Pernot & Fils",2020.0,Франция,Сухое,5690.0,0.0,
"Вино Pouilly-Fume La Vigne de Beaussoppet, Domaine Laporte",2020.0,Франция,Сухое,4990.0,0.0,
"Вино Nova Domus Riserva, Cantina Terlan",2020.0,Италия,Сухое,9490.0,0.0,
"Вино Pinot Bianco Riserva Vorberg, Cantina Terlan",2020.0,Италия,Сухое,6990.0,5.0,2.0
"Вино Auxey-Duresses Blanc, Domaine Agnes Paquet",2020.0,Франция,Сухое,6490.0,0.0,
"Вино Barco Reale di Carmignano, Capezzana",2020.0,Италия,Сухое,3290.0,5.0,
Вино Tenuta Frescobaldi di Castiglioni,2020.0,Италия,Сухое,3690.0,4.7,8.0
"Вино Nuits-Saint-Georges, Joseph Drouhin",2020.0,Франция,Сухое,13990.0,0.0,
"Вино Chablis Grand Cru Les Clos, Jean-Marc Brocard (Domaine Sainte-Claire)",2020.0,Франция,Сухое,18490.0,0.0,
"Вино Morey-Saint-Denis Premier Cru Les Sorbes, Domaine Michel Noellat",2020.0,Франция,Сухое,24490.0,0.0,
"Вино Каберне Совиньон Красная Горка, Галицкий и Галицкий",2020.0,Россия,Сухое,3490.0,4.6,7.0
"Вино Мерло Красная Горка, Галицкий и Галицкий",2020.0,Россия,Сухое,3490.0,4.6,14.0
"Вино Совиньон Блан Красная Горка, Галицкий и Галицкий",2020.0,Россия,Сухое,3490.0,4.5,15.0
"Вино Chianti Classico Ama, Castello di Ama",2020.0,Италия,Сухое,5690.0,5.0,1.0
"Вино Bin 45 Cabernet Sauvignon, Lindeman's",2020.0,Австралия,Полусухое,1640.0,4.0,3.0
"Вино Cabernet Sauvignon Valley Oaks, Fetzer",2020.0,Соединенные Штаты Америки,Полусухое,1490.0,4.5,37.0
"Вино Chardonnay Sundial, Fetzer",2020.0,Соединенные Штаты Америки,Полусухое,1043.0,4.4,38.0
"Вино Le Rose Giscours, Chateau Giscours",2020.0,Франция,Сухое,5190.0,0.0,
"Вино Rose, Domaine de l'Ile",2020.0,Франция,Сухое,3493.0,0.0,
"Вино White, Domaine de l'Ile",2020.0,Франция,Сухое,6490.0,0.0,
"Вино Sangiovese di Toscana, Conti Serristori",2020.0,Италия,Сухое,1140.0,4.4,5.0
"Вино Roero Arneis, Bruno Giacosa",2020.0,Италия,Сухое,5490.0,4.5,
"Вино Bourgogne Pinot Noir Laforet, Joseph Drouhin",2020.0,Франция,Сухое,4690.0,4.8,20.0
"Вино Chablis, Joseph Drouhin",2020.0,Франция,Сухое,6490.0,4.9,7.0
"Вино Chianti Classico, Banfi",2020.0,Италия,Сухое,1944.0,4.5,2.0
"Вино Sedara, Donnafugata",2020.0,Италия,Сухое,2018.0,4.5,20.0
"Вино Carolina Reserva Pinot Noir, Santa Carolina",2020.0,Чили,Сухое,903.0,4.4,28.0
"Вино Khvanchkara, Giuaani",2020.0,Грузия,Полусладкое,4490.0,5.0,2.0
"Вино Семисам Рислинг/Пино Блан, Шумринка",2020.0,Россия,Сухое,990.0,4.5,15.0
"Вино Chablis Grand Cru Les Blanchots, Jean-Marc Brocard (Domaine Sainte-Claire)",2020.0,Франция,Сухое,18990.0,0.0,
"Вино Merlot, Canti",2020.0,Италия,Сухое,1390.0,3.9,3.0
"Вино Blaufrankisch Classic, Hans Igler",2020.0,Австрия,Сухое,2690.0,4.1,3.0
"Вино Montagny Premier Cru, Joseph Drouhin",2020.0,Франция,Сухое,7490.0,5.0,2.0
"Вино Gevrey-Chambertin, Joseph Drouhin",2020.0,Франция,Сухое,13990.0,0.0,
"Вино ""Y"" d'Yquem, Chateau d'Yquem",2020.0,Франция,Полусухое,31990.0,5.0,
"Вино Chablis 7eme, Julien Brocard",2020.0,Франция,Сухое,7990.0,5.0,
"Вино Larionov Cabernet Sauvignon, Igor Larionov",2020.0,Австралия,Сухое,6990.0,5.0,1.0
"Вино Chateauneuf-du-Pape Clos La Roquete, Vignobles Brunier",2020.0,Франция,Сухое,9490.0,5.0,1.0
"Вино Bourgogne Chardonnay La Vignee, Bouchard Pere & Fils",2020.0,Франция,Сухое,5290.0,5.0,
"Вино Casa Albali Gran Seleccion, Felix Solis",2020.0,Испания,Полусухое,990.0,3.0,1.0
"Вино Chardonnay, Chacra",2020.0,Аргентина,Сухое,16490.0,0.0,
"Вино Chablis Grand Cru Bougros, Jean-Marc Brocard (Domaine Sainte-Claire)",2020.0,Франция,Сухое,14490.0,5.0,1.0
"Вино Rose de Loire, Thibaud Boudignon",2020.0,Франция,Сухое,4490.0,0.0,
"Вино Larionov Chardonnay, Igor Larionov",2020.0,Соединенные Штаты Америки,Сухое,14990.0,5.0,1.0
Вино Chateau Grand Village Blanc,2020.0,Франция,Сухое,3790.0,0.0,
"Вино Albente, Feudi di San Gregorio",2020.0,Италия,Сухое,1790.0,4.5,13.0
"Вино Leeu Passant Wellington, Mullineux & Leeu",2020.0,Южная Африка,Сухое,12490.0,0.0,
"Вино Leeu Passant Cabernet Sauvignon, Mullineux & Leeu",2020.0,Южная Африка,Сухое,6690.0,0.0,
"Вино Совиньон Блан Красная Горка, Галицкий и Галицкий",2020.0,Россия,Сухое,3490.0,4.5,15.0
"Вино Albente, Feudi di San Gregorio",2020.0,Италия,Сухое,1790.0,4.5,13.0
"Вино Campanaro, Feudi di San Gregorio",2020.0,Италия,Сухое,5490.0,5.0,
Вино Rawson's Retreat Semillon Chardonnay,2020.0,Австралия,Полусухое,2190.0,4.8,2.0
"Вино Bin 45 Cabernet Sauvignon, Lindeman's",2020.0,Австралия,Полусухое,1640.0,4.0,3.0
"Вино Aile d'Argent, Chateau Mouton Rothschild",2020.0,Франция,Сухое,30990.0,0.0,
"Вино Blaufrankisch Classic, Hans Igler",2020.0,Австрия,Сухое,3990.0,5.0,1.0
"Вино Samantha's Garden, Two Hands",2020.0,Австралия,Сухое,8990.0,5.0,
"Вино Les Bornes, Domaine Pelle",2020.0,Франция,Сухое,3990.0,4.0,1.0
"Вино Morogues Le Carroir, Domaine Pelle",2020.0,Франция,Сухое,4790.0,5.0,1.0
"Вино Tenuta Regaleali Chardonnay Vigna San Francesco, Tasca d'Almerita",2020.0,Италия,Сухое,5194.0,4.5,1.0
"Вино Puligny-Montrachet Premier Cru Chalumaux, Domaine Paul Pernot & Fils",2020.0,Франция,Сухое,21490.0,0.0,
"Вино Puligny-Montrachet Premier Cru Clos de la Garenne, Domaine Paul Pernot & Fils",2020.0,Франция,Сухое,21490.0,0.0,
"Вино Puligny-Montrachet Premier Cru Clos du Cailleret, Domaine des Lambrays",2020.0,Франция,Сухое,46490.0,0.0,
"Вино Blauer Zweigelt, Anita & Hans Nittnaus",2020.0,Австрия,Сухое,2640.0,4.6,11.0
"Вино Gevrey-Chambertin Premier Cru Combe aux Moines Vieille Vigne, Domaine Fourrier",2020.0,Франция,Сухое,57490.0,0.0,
"Вино Clos Bertrand, Chateau Thivin",2020.0,Франция,Сухое,4690.0,5.0,
"Вино Max Reserva Pinot Noir, Errazuriz",2020.0,Чили,Сухое,2990.0,4.5,5.0
"Вино Batard-Montrachet Grand Cru, Domaine Paul Pernot & Fils",2020.0,Франция,Сухое,69990.0,0.0,
"Вино Le Petit Cheval Blanc, Chateau Cheval Blanc",2020.0,Франция,Сухое,29990.0,5.0,
"Вино Las Pizarras Pinot Noir, Errazuriz",2020.0,Чили,Сухое,18490.0,0.0,
"Вино Las Pizarras Chardonnay , Errazuriz",2020.0,Чили,Сухое,13990.0,5.0,
"Вино Chassagne-Montrachet Premier Cru Abbaye de Morgeot, Olivier Leflaive Freres",2020.0,Франция,Сухое,41490.0,0.0,
"Вино Puligny-Montrachet Premier Cru Clos des Folatieres, Domaine Paul Pernot & Fils",2020.0,Франция,Сухое,21490.0,0.0,
"Вино Gevrey-Chambertin Premier Cru Cherbaudes Vieille Vigne, Domaine Fourrier",2020.0,Франция,Сухое,49990.0,0.0,
"Вино Chateau des Graves Blanc, Vignobles Butler",2020.0,Франция,Сухое,2990.0,4.8,3.0
"Вино Escherndorf am Lumpen 1655 Riesling GG, Horst Sauer",2020.0,Германия,Сухое,7990.0,5.0,
"Вино Les Sept Vignes, Chateau Thivin",2020.0,Франция,Сухое,3990.0,5.0,
"Вино Bienvenue-Batard-Montrachet Grand Cru, Domaine Paul Pernot & Fils",2020.0,Франция,Сухое,64990.0,0.0,
"Вино Morey-Saint-Denis Premier Cru Les Loups, Domaine des Lambrays",2020.0,Франция,Сухое,31490.0,0.0,
"Вино Puligny-Montrachet Premier Cru Les Pucelles, Domaine Paul Pernot & Fils",2020.0,Франция,Сухое,29990.0,0.0,
"Вино Bourgogne Pinot Noir, Domaine Jean-Marc & Thomas Bouley",2020.0,Франция,Сухое,7290.0,4.9,2.0
"Вино Crozes-Hermitage Blanc, Guigal",2020.0,Франция,Сухое,3633.0,4.8,2.0
Вино Chateau Reynon Blanc,2020.0,Франция,Сухое,2440.0,0.0,
Вино Lugana Riserva Sergio Zenato,2020.0,Италия,Сухое,6990.0,5.0,1.0
"Вино Morogues, Domaine Pelle",2020.0,Франция,Сухое,3990.0,4.6,3.0
"Вино Terres, Thierry Germain",2020.0,Франция,Сухое,13990.0,0.0,
"Вино Cuvee Zaccharie, Chateau Thivin",2020.0,Франция,Сухое,7490.0,0.0,
"Вино Volnay Premier Cru Carelle sous la Chapelle, Domaine Paul Pernot & Fils",2020.0,Франция,Сухое,13490.0,0.0,
"Вино Volnay, Domaine Jean-Marc & Thomas Bouley",2020.0,Франция,Сухое,15990.0,5.0,1.0
"Вино Volnay Premier Cru Les Caillerets, Domaine Jean-Marc & Thomas Bouley",2020.0,Франция,Сухое,34990.0,0.0,
"Вино Chiaranda, Donnafugata",2020.0,Италия,Сухое,4893.0,0.0,
"Вино Volnay Clos de la Cave, Domaine Jean-Marc & Thomas Bouley",2020.0,Франция,Сухое,17990.0,0.0,
"Вино Rosso di Montalcino, Le Potazzine",2020.0,Италия,Сухое,7790.0,0.0,
"Вино Rondevlei, David & Nadia",2021.0,Южная Африка,Сухое,14490.0,0.0,
"Вино Chardonnay, Domaine Tariquet",2021.0,Франция,Сухое,1990.0,4.8,2.0
"Вино Bin 65 Chardonnay, Lindeman's",2021.0,Австралия,Полусухое,1148.0,4.4,24.0
"Вино Condado de Oriza Roble, Pagos del Rey",2021.0,Испания,Сухое,1340.0,4.5,6.0
"Вино Alazani Valley, Besini",2021.0,Грузия,Полусладкое,890.0,4.0,1.0
"Вино Fleurie, Domaines Dominique Piron",2021.0,Франция,Сухое,3790.0,4.3,4.0
"Вино Riesling Jules Geyl, Domaine Bott-Geyl",2021.0,Франция,Полусухое,3490.0,4.7,3.0
"Вино Point Blauer Zweigelt, Nigl",2021.0,Австрия,Сухое,1690.0,4.3,17.0
"Вино 9 Lives Apasionado Red Blend Reserve, Vina San Pedro",2021.0,Чили,Полусухое,1120.0,0.0,
"Вино Bin 85 Pinot Grigio, Lindeman's",2021.0,Австралия,Полусухое,1640.0,4.1,6.0
"Вино Chardonnay, Domaine Tariquet",2021.0,Франция,Сухое,1990.0,4.8,2.0
"Вино Goats do Roam White, Fairview",2021.0,Южная Африка,Сухое,1890.0,4.0,2.0
"Вино Villa Bianchi Verdicchio dei Castelli di Jesi Classico, Umani Ronchi",2021.0,Италия,Полусухое,1043.0,4.5,4.0
"Вино Albarino Gran Vinum, Adegas Gran Vinum",2021.0,Испания,Сухое,4390.0,4.5,1.0
"Вино Gavi, Canti",2021.0,Италия,Сухое,1990.0,4.4,8.0
"Вино Pinot Grigio, Canti",2021.0,Италия,Полусухое,1390.0,4.7,1.0
"Вино Escherndorfer Silvaner, Horst Sauer",2021.0,Германия,Полусухое,3190.0,4.7,2.0
"Вино Mehringer Alte Reben, Nik Weis St. Urbans-Hof",2021.0,Германия,Полусухое,3490.0,4.8,
"Вино Ailala Treixadura, Coto de Gomariz",2021.0,Испания,Сухое,2790.0,4.3,6.0
"Вино Las Fincas Rosado, Bodegas Chivite",2021.0,Испания,Сухое,2890.0,4.4,
"Вино Barrica Art Collection, Gurpegui",2021.0,Испания,Сухое,990.0,4.0,4.0
"Вино Cost'e, Banfi",2021.0,Италия,Сухое,2640.0,4.2,5.0
"Вино Collio Sauvignon, Russiz Superiore",2021.0,Италия,Сухое,4490.0,4.0,1.0
"Вино Triple Overtime Grenache Tempranillo, Igor Larionov",2021.0,Австралия,Сухое,3490.0,4.5,5.0
"Вино Steakwine Malbec, Penaflor",2021.0,Аргентина,Полусухое,1270.0,4.3,12.0
"Вино Vina Albali Garnacha Rose Low Alcohol, Felix Solis",2021.0,Испания,Вино,890.0,4.4,5.0
"Вино Gelber Muskateller Loibner Federspiel, Emmerich Knoll",2021.0,Австрия,Сухое,4890.0,5.0,2.0
"Вино Chablis, William Fevre",2021.0,Франция,Сухое,6990.0,0.0,
"Вино Tre Passo Bianco, Cielo",2021.0,Италия,Полусухое,1490.0,4.5,6.0
"Вино Bruni Nero d'Avola, Caviro",2021.0,Италия,Полусухое,790.0,4.3,3.0
"Вино Vina Albali Verdejo, Felix Solis",2021.0,Испания,Сухое,1140.0,4.5,2.0
"Вино Chardonnay, Cielo",2021.0,Италия,Полусухое,840.0,5.0,3.0
Вино Nederburg Lyric Sauvignon Chenin Chardonnay,2021.0,Южная Африка,Полусухое,1140.0,4.4,2.0
"Вино Vina Albali Verdejo, Felix Solis",2021.0,Испания,Сухое,1140.0,4.5,2.0
"Вино Bruni Nero d'Avola, Caviro",2021.0,Италия,Полусухое,790.0,4.3,3.0
"Вино Saperavi, Metreveli",2021.0,Грузия,Сухое,890.0,4.6,3.0
"Вино Romio Nero d'Avola, Caviro",2021.0,Италия,Полусухое,990.0,5.0,2.0
"Вино Chablis Reserve de Vaudon, Joseph Drouhin",2021.0,Франция,Сухое,7390.0,5.0,2.0
"Вино Romio Nero d'Avola, Caviro",2021.0,Италия,Полусухое,990.0,5.0,2.0
"Вино Soave Sereole, Bertani",2021.0,Италия,Сухое,2490.0,4.6,4.0
"Вино Chablis Premier Cru Vaillons, Joseph Drouhin",2021.0,Франция,Сухое,11190.0,4.0,
"Вино UNA Pinot Blanc, Golser Wein",2021.0,Австрия,Полусухое,1690.0,4.4,2.0
"Вино Rheingau Riesling Trocken, Robert Weil",2021.0,Германия,Полусухое,4690.0,4.0,4.0
"Вино Cabernet Sauvignon Oak Cask, Trapiche",2021.0,Аргентина,Полусухое,1290.0,4.6,16.0
"Вино Tenuta Tascante Buonora, Tasca d'Almerita",2021.0,Италия,Сухое,3490.0,4.7,7.0
"Вино Tini Rosso Biologico, Caviro",2021.0,Италия,Полусухое,840.0,4.0,1.0
"Вино Sancerre Le Rochoy, Domaine Laporte",2021.0,Франция,Сухое,4790.0,4.7,3.0
"Вино Gavi Il Valentino, La Scolca",2021.0,Италия,Сухое,1456.0,4.5,17.0
"Вино Pinot Noir, Cantina Terlan",2021.0,Италия,Сухое,4290.0,4.0,2.0
"Вино Campirosa, Dino Illuminati",2021.0,Италия,Сухое,1590.0,4.2,2.0
Вино Hacienda Lopez de Haro Garnacha,2021.0,Испания,Полусухое,1253.0,4.6,5.0
"Вино Cabernet Sauvignon, Cielo",2021.0,Италия,Полусухое,840.0,4.0,2.0
"Вино Gavi dei Gavi (Etichetta Nera), La Scolca",2021.0,Италия,Сухое,3493.0,4.8,25.0
"Вино Riesling Kremser Pfaffenberg, Winzer Krems",2021.0,Австрия,Полусухое,4490.0,4.5,6.0
"Вино UNA Gruner Veltliner, Golser Wein",2021.0,Австрия,Сухое,969.0,4.7,5.0
"Вино Sollui, La Scolca",2021.0,Италия,Сухое,1456.0,4.4,8.0
"Вино Sauvignon Zuc di Volpe, Volpe Pasini",2021.0,Италия,Сухое,5490.0,4.5,
Вино Gavi Villa Sparina,2021.0,Италия,Сухое,4290.0,5.0,1.0
"Вино Rose Art Collection, Gurpegui",2021.0,Испания,Сухое,890.0,4.5,20.0
"Вино Riesling Senftenberger Piri, Nigl",2021.0,Австрия,Сухое,5290.0,4.7,1.0
"Вино Urban Riesling, Nik Weis St. Urbans-Hof",2021.0,Германия,Полусухое,1043.0,4.8,270.0
"Вино Sauvignon Blanc, Domaine Tariquet",2021.0,Франция,Сухое,1990.0,4.6,7.0
"Вино Tenuta Regaleali Bianco, Tasca d'Almerita",2021.0,Италия,Сухое,1393.0,4.7,25.0
"Вино Rose de Loire les Versaines, Marcel Martin",2021.0,Франция,Сухое,1440.0,4.7,5.0
"Вино Priara Pinot Grigio, Pradio",2021.0,Италия,Сухое,1990.0,4.7,24.0
"Вино Fontanasanta, Foradori",2021.0,Италия,Сухое,4790.0,4.6,3.0
"Вино Lezer, Foradori",2021.0,Италия,Сухое,3990.0,4.7,4.0
"Вино Tempranillo Art Collection, Gurpegui",2021.0,Испания,Сухое,890.0,4.5,19.0
"Вино Xitxarello, Democratic Wines",2021.0,Испания,Полусухое,1990.0,4.6,18.0
"Вино Villa Bianchi Verdicchio dei Castelli di Jesi Classico, Umani Ronchi",2021.0,Италия,Полусухое,1043.0,4.5,4.0
"Вино Villa Soleilla, Gerard Bertrand",2021.0,Франция,Сухое,32490.0,0.0,
"Вино Sauvignon, Rigal",2021.0,Франция,Сухое,1490.0,4.0,7.0
"Вино Platbos, David & Nadia",2021.0,Южная Африка,Сухое,14490.0,0.0,
Вино Noa Areni Rose,2021.0,Армения,Сухое,2490.0,4.9,2.0
"Вино Macon-Villages, Joseph Drouhin",2021.0,Франция,Сухое,4190.0,3.8,5.0
"Вино Bourgogne Chardonnay Laforet, Joseph Drouhin",2021.0,Франция,Сухое,3353.0,4.7,16.0
"Вино Beaujolais Fleurie Domaine des Hospices de Belleville, Joseph Drouhin",2021.0,Франция,Сухое,5190.0,5.0,1.0
"Вино Beaujolais Morgon Domaine des Hospices de Belleville, Joseph Drouhin",2021.0,Франция,Сухое,4490.0,5.0,
"Вино Beaujolais-Villages, Joseph Drouhin",2021.0,Франция,Сухое,3290.0,4.7,12.0
"Вино Siglo, Bodegas Manzanos",2021.0,Испания,Сухое,990.0,4.3,22.0
"Вино Pouilly-Fuisse, Joseph Drouhin",2021.0,Франция,Сухое,9990.0,4.8,2.0
"Вино Albarino Gran Vinum, Adegas Gran Vinum",2021.0,Испания,Сухое,4390.0,4.5,1.0
"Вино Bin 85 Pinot Grigio, Lindeman's",2021.0,Австралия,Полусухое,1640.0,4.1,6.0
"Вино Bin 65 Chardonnay, Lindeman's",2021.0,Австралия,Полусухое,1148.0,4.4,24.0
"Вино Abtsberg Riesling Trocken GG, Maximin Grunhaus",2021.0,Германия,Полусухое,9990.0,0.0,
"Вино Riesling Herrenberg Trocken Grosses Gewachs, Maximin Grunhaus",2021.0,Германия,Полусухое,9990.0,0.0,
"Вино Steakwine Torrontes, Penaflor",2021.0,Аргентина,Сухое,1270.0,4.0,2.0
"Вино Le Grand Noir Bio, Les Celliers Jean d'Alibert",2021.0,Франция,Сухое,1118.0,0.0,
"Вино Merlot e Raboso, Cielo",2021.0,Италия,Полусухое,790.0,4.5,3.0
"Вино Merlot, Cielo",2021.0,Италия,Полусухое,840.0,5.0,1.0
"Вино Le Grand Noir Bio, Les Celliers Jean d'Alibert",2021.0,Франция,Сухое,1118.0,3.0,1.0
"Вино Skaliekop, David & Nadia",2021.0,Южная Африка,Сухое,14490.0,0.0,
"Вино Chenin/Chardonnay, Domaine Tariquet",2021.0,Франция,Сухое,1990.0,4.3,6.0
"Вино Mare & Grill Vinho Verde, Quintas das Arcas",2021.0,Португалия,Полусухое,668.0,4.9,11.0
"Вино Mare & Grill Vinho Verde Rose, Quintas das Arcas",2021.0,Португалия,Полусухое,668.0,4.9,5.0
"Вино Pfefferer Sun, Colterenzio",2021.0,Италия,Сухое,1489.0,4.7,33.0
"Вино Le Grand Noir Cabernet Sauvignon, Les Celliers Jean d'Alibert",2021.0,Франция,Полусухое,1120.0,4.5,6.0
"Вино Barbera d’Alba, Pio Cesare",2021.0,Италия,Сухое,3990.0,5.0,1.0
"Вино Bourgogne Chardonnay Laforet, Joseph Drouhin",2021.0,Франция,Сухое,3353.0,4.7,16.0
"Вино Roero Arneis, Giacomo Fenocchio",2021.0,Италия,Сухое,3490.0,5.0,1.0
"Вино Beaujolais Morgon Domaine des Hospices de Belleville, Joseph Drouhin",2021.0,Франция,Сухое,4490.0,5.0,
"Вино Langhe Chardonnay, Mauro Molino",2021.0,Италия,Сухое,4190.0,0.0,
"Вино Sante Rive Bardolino, Cielo",2021.0,Италия,Сухое,840.0,4.0,18.0
"Вино Gruner Veltliner Kremser Wachtberg Reserve, Winzer Krems",2021.0,Австрия,Сухое,3990.0,5.0,1.0
"Вино Casal di Serra, Umani Ronchi",2021.0,Италия,Сухое,2340.0,4.5,5.0
"Вино Chardonnay, Усадьба Маркотх",2021.0,Россия,Сухое,2190.0,4.6,10.0
"Вино Sancerre Le Grand Rochoy, Domaine Laporte",2021.0,Франция,Сухое,5790.0,0.0,
"Вино Donauriesling Sandgrube 13, Winzer Krems",2021.0,Австрия,Полусухое,2490.0,0.0,1.0
"Вино Chardonnay Reserva, Caliterra",2021.0,Чили,Сухое,1490.0,4.0,2.0
Вино Soave-Bertani,2021.0,Италия,Сухое,2269.0,4.8,1.0
"Вино Ginestet Montagne Saint-Emilion, Maison Ginestet",2021.0,Франция,Сухое,2140.0,4.5,3.0
"Вино Семильон, Alma Valley",2021.0,Россия,Сухое,1190.0,0.0,
"Вино Sauvignon Blanc , Pio Cesare",2021.0,Италия,Сухое,3890.0,5.0,
"Вино Коломбар, Alma Valley",2021.0,Россия,Полусладкое,1140.0,5.0,1.0
"Вино Ginestet Bordeaux Blanc, Maison Ginestet",2021.0,Франция,Сухое,1290.0,3.8,5.0
"Вино Cotes du Rhone Rose, Guigal",2021.0,Франция,Сухое,1848.0,4.7,3.0
"Вино Solandia Shiraz-Nero d'Avola, GIV",2021.0,Италия,Полусухое,1120.0,4.3,2.0
"Вино Libalis Rose, Maetierra",2021.0,Испания,Полусухое,1690.0,0.0,
"Вино Gavi dei Gavi (Etichetta Nera), La Scolca",2021.0,Италия,Сухое,6490.0,5.0,
"Вино Gavi dei Gavi (Etichetta Nera), La Scolca",2021.0,Италия,Сухое,6490.0,4.9,1.0
"Вино Sancerre Blanc Les Baronnes, Henri Bourgeois",2021.0,Франция,Сухое,4690.0,4.8,6.0
"Вино Carmenere Reserva, Caliterra",2021.0,Чили,Сухое,1490.0,4.3,13.0
"Вино Maggiorina, Le Piane",2021.0,Италия,Сухое,3790.0,3.0,
"Вино Beaujolais Fleurie Domaine des Hospices de Belleville, Joseph Drouhin",2021.0,Франция,Сухое,5190.0,5.0,1.0
"Вино Frascati, San Marco",2021.0,Италия,Полусухое,990.0,4.8,2.0
"Вино Riesling Layet GG, Nik Weis St. Urbans-Hof",2021.0,Германия,Сухое,6490.0,0.0,
Вино Sauvignon Volpe Pasini,2021.0,Италия,Сухое,3490.0,4.0,1.0
"Вино Gruner Veltliner Alte Reben, Nigl",2021.0,Австрия,Сухое,5290.0,0.0,
Вино Foradori,2021.0,Италия,Сухое,4490.0,4.4,3.0
"Вино Chianti Castiglioni, Frescobaldi",2021.0,Италия,Сухое,2490.0,5.0,1.0
"Вино Sexy Beast, Two Hands",2021.0,Австралия,Сухое,4490.0,4.6,26.0
"Вино Montej Bianco, Villa Sparina",2021.0,Италия,Сухое,1568.0,4.6,7.0
"Вино Louro Godello, Rafael Palacios",2021.0,Испания,Сухое,4990.0,4.0,1.0
Вино Grivo Volpe Pasini,2021.0,Италия,Сухое,3490.0,4.6,3.0
Вино Hilandar Rose ,2021.0,Греция,Сухое,3790.0,3.0,1.0
"Вино Le Bordeaux de Citran Rose, Chateau Citran",2021.0,Франция,Сухое,1740.0,4.4,3.0
"Вино Fontegaia Orvieto Classico, San Marco",2021.0,Италия,Сухое,990.0,5.0,1.0
"Вино Chardonnay, Vina Arboleda",2021.0,Чили,Сухое,3140.0,4.6,8.0
"Вино Cabernet Sauvignon, Casa Defra",2021.0,Италия,Полусухое,890.0,4.8,2.0
"Вино Riesling Ried Pfaffenberg Steiner Selection, Emmerich Knoll",2021.0,Австрия,Полусухое,9990.0,5.0,
"Вино Vipra Rossa, Bigi",2021.0,Италия,Сухое,1140.0,4.7,5.0
"Вино Petit Chablis, Domaine des Chenevieres",2021.0,Франция,Сухое,2993.0,5.0,
"Вино Salice Salentino Feudo Monaci, Castello Monaci",2021.0,Италия,Сухое,1390.0,3.7,1.0
"Вино Pinot Noir, Vina Arboleda",2021.0,Чили,Сухое,3790.0,4.5,8.0
"Вино Morogues Vignes de Ratier, Domaine Pelle",2021.0,Франция,Сухое,4790.0,5.0,1.0
"Вино Morogues, Domaine Pelle",2021.0,Франция,Сухое,3990.0,4.6,3.0
"Вино Col di Sasso, Banfi",2021.0,Италия,Полусухое,1118.0,4.5,27.0
"Вино Es Primitivo, Gianfranco Fino",2021.0,Италия,Полусухое,15990.0,5.0,1.0
"Вино Sgarzon, Foradori",2021.0,Италия,Сухое,7290.0,0.0,
"Вино Gruner Veltliner Kremser Goldberg Kellermeister Privat, Winzer Krems",2021.0,Австрия,Полусухое,2790.0,4.4,1.0
"Вино Fuoripista Pinot Grigio, Foradori",2021.0,Италия,Сухое,7290.0,5.0,
"Вино Condrieu La Doriane, Guigal",2021.0,Франция,Сухое,21490.0,0.0,
"Вино Max Reserva Chardonnay, Errazuriz",2021.0,Чили,Сухое,2990.0,4.7,4.0
"Вино Cellar Selection Cabernet Sauvignon, Santa Carolina",2021.0,Чили,Полусухое,840.0,4.7,4.0
"Вино Lezer, Foradori",2021.0,Италия,Сухое,3990.0,4.7,4.0
"Вино Fontanasanta, Foradori",2021.0,Италия,Сухое,4790.0,4.6,3.0
"Вино Bourgogne Pinot Noir, Domaine Pierre Gelin",2021.0,Франция,Сухое,5490.0,4.6,1.0
"Вино Riesling Senftenberger Piri, Nigl",2021.0,Австрия,Сухое,5290.0,4.7,1.0
"Вино Costalupo, Dino Illuminati",2021.0,Италия,Сухое,1590.0,5.0,
"Вино Sancerre Le Rochoy, Domaine Laporte",2021.0,Франция,Сухое,4790.0,4.7,3.0
"Вино Tini Rosso Biologico, Caviro",2021.0,Италия,Полусухое,840.0,4.0,1.0
"Вино Meursault Les Tillets, Domaine Alain Gras",2021.0,Франция,Сухое,16490.0,0.0,
"Вино Cabernet Sauvignon Oak Cask, Trapiche",2021.0,Аргентина,Полусухое,1290.0,4.6,16.0
"Вино Pinot Noir, Cantina Terlan",2021.0,Италия,Сухое,4290.0,4.0,2.0
"Вино Condrieu La Petite Cote, Yves Cuilleron",2021.0,Франция,Сухое,6643.0,5.0,
"Вино Fontegaia Nero D'Avola, San Marco",2021.0,Италия,Сухое,990.0,4.7,3.0
"Вино Gavi dei Gavi (Etichetta Nera), La Scolca",2021.0,Италия,Сухое,6990.0,5.0,2.0
"Вино Sauvignon Zuc di Volpe, Volpe Pasini",2021.0,Италия,Сухое,5490.0,4.5,
"Вино Campirosa, Dino Illuminati",2021.0,Италия,Сухое,1590.0,4.2,2.0
"Вино Cellar Selection Carmenere, Santa Carolina",2021.0,Чили,Полусухое,840.0,3.7,4.0
"Вино Condado de Oriza Roble, Pagos del Rey",2021.0,Испания,Сухое,1340.0,4.5,6.0
"Вино Garnacha Art Collection, Gurpegui",2021.0,Испания,Сухое,890.0,4.8,3.0
"Вино Collio Pinot Bianco, Russiz Superiore",2021.0,Италия,Сухое,4490.0,4.0,1.0
"Вино Centine Bianco, Banfi",2021.0,Италия,Сухое,1990.0,3.5,1.0
"Вино Centine Rose, Banfi",2021.0,Италия,Полусухое,1990.0,5.0,
"Вино La Regina Langhe Nascetta, Braida",2021.0,Италия,Сухое,2933.0,4.4,5.0
"Вино Quarz Sauvignon Blanc, Cantina Terlan",2021.0,Италия,Сухое,11190.0,5.0,
"Вино Dolcetto d`Alba, Giacomo Fenocchio",2021.0,Италия,Сухое,2990.0,5.0,1.0
"Вино Совиньон Блан, Лефкадия",2021.0,Россия,Сухое,1840.0,4.0,1.0
"Вино Beaujolais-Villages, Joseph Drouhin",2021.0,Франция,Сухое,3290.0,4.7,12.0
"Вино Chablis Vieilles Vignes 1946, Jean-Marc Brocard (Domaine Sainte-Claire)",2021.0,Франция,Сухое,7490.0,4.9,2.0
"Вино Collio Pinot Grigio, Russiz Superiore",2021.0,Италия,Сухое,4490.0,5.0,1.0
"Вино Escherndorf am Lumpen 1655 Silvaner GG, Horst Sauer",2021.0,Германия,Сухое,7990.0,5.0,1.0
"Вино Garganega e Chardonnay, Cielo",2021.0,Италия,Полусухое,790.0,4.5,3.0
"Вино Clarendelle by Haut-Brion Blanc, Domaine Clarence Dillon",2021.0,Франция,Сухое,2990.0,4.5,1.0
"Вино Fontanelle, Banfi",2021.0,Италия,Сухое,4790.0,3.0,1.0
"Вино Merlot Reserve, Усадьба Маркотх",2021.0,Россия,Сухое,2990.0,5.0,15.0
"Вино Saarfeilser GG, Nik Weis St. Urbans-Hof",2021.0,Германия,Полусухое,5990.0,0.0,
"Вино Каберне Фран, Лефкадия",2021.0,Россия,Сухое,2490.0,4.6,5.0
"Вино Rose de Loire les Versaines, Marcel Martin",2021.0,Франция,Сухое,1440.0,4.7,5.0
"Вино Langhe Nebbiolo, Cascina delle Rose",2021.0,Италия,Сухое,5190.0,0.0,
"Вино Educato Chardonnay, Elio Grasso",2021.0,Италия,Сухое,4990.0,0.0,
"Вино Dolcetto d'Alba A Elizabeth, Cascina delle Rose",2021.0,Италия,Сухое,3290.0,5.0,1.0
"Вино Soave Linea Classica, Bertani",2021.0,Италия,Сухое,2140.0,4.5,1.0
Вино Gavi Villa Sparina,2021.0,Италия,Сухое,4290.0,5.0,1.0
"Вино Riesling Kalkmergel, Knipser",2021.0,Германия,Сухое,4140.0,4.8,1.0
"Вино Sainte Epine, Herve Souhaut",2021.0,Франция,Сухое,10490.0,5.0,
"Вино Gavarini Langhe Nebbiolo, Elio Grasso",2021.0,Италия,Сухое,4990.0,4.3,2.0
"Вино Merlot Reserva, Caliterra",2021.0,Чили,Сухое,1490.0,4.2,9.0
"Вино Cuvee Terlaner, Cantina Terlan",2022.0,Италия,Сухое,3990.0,5.0,1.0
Вино Chateau Les Rosiers Blanc,2022.0,Франция,Сухое,1690.0,4.9,2.0
"Вино Solandia Grillo-Chardonnay, GIV",2022.0,Италия,Сухое,1120.0,4.8,
"Вино Chablis, Domaine Herve Azo",2022.0,Франция,Сухое,3003.0,4.6,8.0
"Вино 9 Lives Fierce Sauvignon Blanc Reserve , Vina San Pedro",2022.0,Чили,Сухое,1120.0,4.5,6.0
"Вино Pinot Grigio, Cantina Terlan",2022.0,Италия,Сухое,3290.0,4.4,3.0
"Вино Weissburgunder Mosel Dry, Nik Weis St. Urbans-Hof",2022.0,Германия,Полусухое,1940.0,4.0,1.0
"Вино Gato Negro Carmenere, Vina San Pedro",2022.0,Чили,Сухое,840.0,4.4,4.0
"Вино Chenin Blanc, Spice Route",2022.0,Южная Африка,Сухое,3140.0,4.3,3.0
"Вино Muskateller, Nastl",2022.0,Австрия,Сухое,2790.0,4.6,8.0
"Вино Sauvignon Blanc Winkl, Cantina Terlan",2022.0,Италия,Сухое,4790.0,5.0,1.0
"Вино Sauvignon Blanc, Vina Arboleda",2022.0,Чили,Сухое,3140.0,4.0,2.0
"Вино L’Altro Chardonnay, Pio Cesare",2022.0,Италия,Сухое,2529.0,5.0,
"Вино La Pettegola, Banfi",2022.0,Италия,Сухое,2640.0,5.0,
"Вино Gato Negro Moscato, Vina San Pedro",2022.0,Чили,Сладкое,840.0,0.0,
"Вино Roero Arneis, Vietti",2022.0,Италия,Сухое,3218.0,4.1,7.0
"Вино Sauvignon Blanc Reserva, Caliterra",2022.0,Чили,Сухое,1490.0,4.5,1.0
"Вино Cabernet Sauvignon Vineyards, Trapiche",2022.0,Аргентина,Сухое,890.0,4.0,6.0
"Вино Krakhuna, Binekhi",2022.0,Грузия,Сухое,1390.0,3.7,2.0
"Вино Capitel Foscarino, Roberto Anselmi",2022.0,Италия,Полусухое,3990.0,5.0,1.0
"Вино Sobaja Sauvignon, Pradio",2022.0,Италия,Сухое,1990.0,4.9,14.0
"Вино Samas, Agricola Punica",2022.0,Италия,Сухое,2790.0,4.3,
"Вино Chablis, Domaine des Chenevieres",2022.0,Франция,Сухое,3003.0,4.8,3.0
"Вино Casa Albali Garnacha Rose, Felix Solis",2022.0,Испания,Полусухое,890.0,4.8,13.0
